patient_id,gender,first_name,last_name,city,state,zip_code,country,birthdate,weight,height,bmi,street_no,street_name,phone_num,email_id,full_name
405,Female,Aaliyah,Rice,Texas City,TX,77591.0,United States,1936-07-14,123.0,65,20.5,4237,Hamilton Drive,409-944-6516,AaliyahRice@dayrep.com,aaliyah rice
12,Male,Abdul-Nur,Isa,Brentwood,TN,37027.0,United States,1954-02-03,238.7,73,31.5,1092,Farm Meadow Drive,1 931 207 0839,Abdul-NurMummarIsa@rhyta.com,abdul-nur isa
333,Male,Abel,Efrem,Old Hickory,TN,37138.0,United States,1971-02-15,224.0,67,35.1,2333,Hidden Pond Road,1 615 755 8235,AbelEfrem@fleckens.hu,abel efrem
259,Male,Abel,Yonatan,Burbank,CA,91502.0,United States,1952-04-29,137.9,66,22.3,2621,Koontz Lane,1 818 841 7660,AbelYonatan@teleworm.us,abel yonatan
306,Female,Addolorata,Lombardi,Binghamton,NY,13901.0,United States,1962-10-19,189.0,65,31.4,550,Cliffside Drive,+1 (607) 348-5625,AddolorataLombardi@jourrapide.com,addolorata lombardi
119,Male,Adib,Ghanem,Delcambre,LA,70528.0,United States,1967-12-31,254.5,72,34.5,3457,Bridge Avenue,337-685-4885,AdibMutazzGhanem@fleckens.hu,adib ghanem
421,Male,Adlan,Shishani,Manhattan,NY,10018.0,United States,1940-05-23,200.9,69,29.7,4890,Abia Martin Drive,631-479-8171,AdlanShishani@gustr.com,adlan shishani
239,Male,Aksel,Vestergaard,Philadelphia,PA,19139.0,United States,1988-05-02,187.2,78,21.6,2246,Pheasant Ridge Road,215-528-2193,AkselHVestergaard@armyspy.com,aksel vestergaard
62,Male,Alan,Milne,Bakersfield,CA,93301.0,United States,1962-04-29,244.9,69,36.2,707,Gateway Avenue,1 661 779 6795,AlanMilne@dayrep.com,alan milne
131,Male,Albert,Wolfe,North Charleston,SC,29420.0,United States,1939-06-16,217.8,65,36.2,3710,Jerry Dove Drive,843-494-0313,AlbertRWolfe@jourrapide.com,albert wolfe
410,Female,Albika,Ibragimov,Buffalo,NY,14211.0,United States,1948-02-29,161.7,63,28.6,4945,Jarvis Street,716-897-5050,AlbikaIbragimov@superrito.com,albika ibragimov
197,Female,Albina,Zetticci,Austin,TX,78702.0,United States,1983-05-13,171.6,63,30.4,3141,Brentwood Drive,512-738-2609,AlbinaZetticci@teleworm.us,albina zetticci
38,Female,Albinca,Komavec,Huron,SD,57350.0,United States,1986-06-05,189.9,66,30.6,1257,Elsie Drive,+1 (605) 204-6572,AlbincaKomavec@rhyta.com,albinca komavec
296,Male,Albino,Schiavone,Sacramento,CA,95814.0,United States,1928-06-30,180.0,67,28.2,3113,Timber Ridge Road,1 916 817 9960,AlbinoSchiavone@fleckens.hu,albino schiavone
277,Male,Alex,Crawford,Hope,ID,83836.0,United States,1924-07-07,223.1,70,32.0,373,Fantages Way,+1 (208) 264-9063,AlexCrawford@dayrep.com,alex crawford
497,Male,Alexander,Hueber,Stockton,CA,95204.0,United States,1942-09-12,194.0,72,26.3,3868,Freed Drive,1 209 762 2320,AlexanderHueber@jourrapide.com,alexander hueber
71,Male,Alexander,Mathiesen,Athens,OH,45701.0,United States,1955-12-02,195.6,68,29.7,3130,Jessie Street,1 740 629 5172,AlexanderEMathiesen@superrito.com,alexander mathiesen
57,Female,Alissa,Montez,Eatonton,GA,31024.0,United States,1951-01-08,133.8,61,25.3,1435,Limer Street,+1 (706) 497-0891,AlissaMontezFranco@gustr.com,alissa montez
173,Male,Alvin,Jackson,Iowa City,IA,52240.0,United States,1945-12-01,177.8,71,24.8,3411,Pyramid Valley Road,319-541-3295,AlvinAJackson@armyspy.com,alvin jackson
438,Male,Alwin,Svensson,Union Grove,WI,53182.0,United States,1924-11-02,137.7,63,24.4,1846,Joseph Street,+1 (262) 878-9576,AlwinSvensson@armyspy.com,alwin svensson
359,Female,Amalie,Christensen,Meriden,CT,6450.0,United States,1941-10-01,160.8,63,28.5,3077,Colony Street,1 203 235 1076,AmalieJChristensen@einrot.com,amalie christensen
144,Female,Amanda,Ribeiro,Seattle,WA,98109.0,United States,1970-09-27,131.1,60,25.6,4155,Raccoon Run,206-902-0473,AmandaCavalcantiRibeiro@fleckens.hu,amanda ribeiro
48,Female,Ana,Correia,Atlanta,GA,30337.0,United States,1962-11-04,186.6,65,31.0,1495,Post Farm Road,404-289-1766,AnaSousaCorreia@rhyta.com,ana correia
443,Male,Ananías,Enríquez,Garden City,NY,11530.0,United States,1959-07-23,169.0,72,22.9,2924,Stanley Avenue,516-512-4875,AnaniasEnriquezMontoya@armyspy.com,ananías enríquez
56,Male,Anco,Pak,Las Vegas,NV,89119.0,United States,1943-02-12,217.6,72,29.5,943,Hickory Ridge Drive,1 702 730 5584,AncoPak@cuvox.de,anco pak
467,Female,Andrea,Brodahl,Golden Valley,MN,55422.0,United States,1994-09-07,166.1,62,30.4,3234,Sardis Station,+1 (612) 589-1495,AndreaBrodahl@armyspy.com,andrea brodahl
82,Male,André,Nordin,Gate,OK,73844.0,United States,1940-11-12,209.4,69,30.9,836,Dovetail Estates,580-934-1141,AndreNordin@cuvox.de,andré nordin
14,Female,Anenechi,Chidi,Birmingham,AL,35203.0,United States,1961-03-07,228.4,67,35.8,826,Broad Street,+1 (205) 417-8095,AnenechiChidi@armyspy.com,anenechi chidi
484,Female,Angel,Grant,Memphis,TN,38118.0,United States,1987-08-14,123.9,61,23.4,990,Melville Street,731-577-0292,AngelGrant@fleckens.hu,angel grant
234,Female,Angela,Lavrentyev,New Orleans,LA,70112.0,United States,1995-07-21,155.3,61,29.3,4143,Big Indian,504-546-5321,AngelaLavrentyev@gustr.com,angela lavrentyev
445,Male,Angelico,Marchesi,San Francisco,CA,94108.0,United States,1945-10-28,211.6,69,31.2,456,Delaware Avenue,415-277-2563,AngelicoMarchesi@fleckens.hu,angelico marchesi
329,Female,Anja,Hueber,Minneapolis,MN,55402.0,United States,1987-04-16,151.8,65,25.3,3216,Lodgeville Road,+1 (612) 342-6065,AnjaHueber@teleworm.us,anja hueber
395,Female,Anja,Mueller,Tyler,TX,75757.0,United States,1942-08-06,182.2,61,34.4,570,Alpha Avenue,903-939-1025,AnjaMueller@gustr.com,anja mueller
295,Female,Annie,Allen,Cambridge,MA,2142.0,United States,1926-03-31,159.7,60,31.2,3634,Lyon Avenue,1 508 921 6327,AnnieJAllen@superrito.com,annie allen
49,Female,Annika,Vaara,Lombard,IL,60148.0,United States,1996-02-20,109.1,67,17.1,4853,University Drive,312-719-7238,AnnikaVaara@rhyta.com,annika vaara
422,Female,Armina,Sauvé,Little Rock,AR,72210.0,United States,1928-10-08,165.0,61,31.2,4977,Arlington Avenue,870-270-5502,ArminaSauve@dayrep.com,armina sauvé
461,Male,Arne,Jørgensen,Oakland,CA,94612.0,United States,1998-03-14,163.5,65,27.2,1033,Wayside Lane,+1 (510) 238-1151,ArneJrgensen@fleckens.hu,arne jørgensen
113,Female,Arnþrúður,Skarphéðinsdóttir,Newport News,VA,23602.0,United States,1922-06-04,172.0,63,30.5,2578,Tenmile,+1 (757) 885-5669,ArnruurSkarpheinsdottir@rhyta.com,arnþrúður skarphéðinsdóttir
15,Female,Asia,Woźniak,Tulsa,OK,74105.0,United States,1997-08-15,112.0,65,18.6,4970,Heather Sees Way,918-712-3469,AsiaWozniak@rhyta.com,asia woźniak
346,Female,Asuna,Morita,Medaryville,IN,47957.0,United States,1969-12-30,134.2,61,25.4,1324,Duffy Street,219-843-3924,AsunaMorita@superrito.com,asuna morita
372,Female,Asya,Musliyevich,Weehawken,NJ,7087.0,United States,1995-07-15,156.0,63,27.6,1763,Williams Mine Road,+1 (908) 287-7099,AsyaMusliyevich@armyspy.com,asya musliyevich
368,Female,Ava,Fisher,Sparks,NV,89431.0,United States,1928-03-29,191.0,60,37.3,4386,Camden Street,775-358-9076,AvaFisher@rhyta.com,ava fisher
60,Male,Avdei,Tikhonov,Wilson,NC,27893.0,United States,1928-12-10,150.0,72,20.3,1368,Yorkshire Circle,1 252 291 3898,AvdeiTikhonov@gustr.com,avdei tikhonov
286,Male,Ayden,Allan,Oklahoma City,OK,73102.0,United States,1976-03-11,160.8,72,21.8,1384,Dovetail Estates,580-991-9678,AydenAllan@rhyta.com,ayden allan
435,Female,Bao,She,Anaheim,CA,92801.0,United States,1931-01-29,193.8,63,34.3,1956,Rosemont Avenue,+1 (323) 209-0527,BaoShe@rhyta.com,bao she
61,Female,Barbora,Vesecká,San Diego,CA,92101.0,United States,1939-02-19,159.1,67,24.9,4018,Poplar Avenue,619-570-3898,BarboraVesecka@gustr.com,barbora vesecká
415,Male,Bartosz,Wysocki,Versailles,OH,45380.0,United States,1951-04-02,148.7,66,24.0,1079,Ingram Street,937-526-1152,BartoszWysocki@cuvox.de,bartosz wysocki
208,Female,Beatrycze,Woźniak,Saginaw,MI,48607.0,United States,1946-03-14,119.2,61,22.5,182,Cross Street,989-936-4563,BeatryczeWozniak@armyspy.com,beatrycze woźniak
301,Female,Benigna,Ferrari,Columbus,GA,31901.0,United States,1960-01-06,181.5,61,34.3,4912,Hart Country Lane,706-616-0152,BenignaFerrari@einrot.com,benigna ferrari
250,Male,Benjamin,Mehler,,,,,1951-10-30,146.5,69,21.6,nan,,,,benjamin mehler
319,Male,Benoît,Bonami,Garden City,NY,11530.0,United States,1975-04-13,162.8,70,23.4,230,Lady Bug Drive,1 718 954 8136,BenoitBonami@gustr.com,benoît bonami
268,Female,Bernarda,Cindrić,Salina,KS,67401.0,United States,1986-01-16,145.6,61,27.5,1753,Sherman Street,+1 (785) 823-6728,BernardaCindric@teleworm.us,bernarda cindrić
100,Male,Bernd,Schneider,Westbury,NY,11590.0,United States,1993-03-24,212.5,71,29.6,1262,Deans Lane,914-830-3940,BerndSchneider@jourrapide.com,bernd schneider
477,Female,Berta,Napolitani,Philadelphia,PA,19108.0,United States,1958-12-02,153.3,63,27.2,1815,Garrett Street,267-972-3749,BertaNapolitani@rhyta.com,berta napolitani
455,Female,Bianca,Azevedo,Cumberland,KY,40823.0,United States,1950-12-03,132.7,59,26.8,2886,Straford Park,1 606 589 2819,BiancaCarvalhoAzevedo@einrot.com,bianca azevedo
450,Male,Bjørnar,Nilsen,Philadelphia,PA,19121.0,United States,1960-04-26,152.5,68,23.2,2166,Tipple Road,+1 (215) 769-7116,BjrnarNilsen@einrot.com,bjørnar nilsen
172,Female,Blagica,Klobučar,La Grange,IL,60525.0,United States,1921-11-06,106.5,59,21.5,3920,Braxton Street,815-533-7692,BlagicaKlobucar@einrot.com,blagica klobučar
45,Female,Blanka,Jurković,Waterville,ME,4901.0,United States,1923-01-26,129.8,66,20.9,3165,Upton Avenue,1 207 861 4587,BlankaJurkovic@superrito.com,blanka jurković
298,Male,Bodor,Csonka,Crafton,PA,15205.0,United States,1993-07-18,157.3,67,24.6,323,Platinum Drive,724-759-0310,CsonkaBodor@jourrapide.com,bodor csonka
194,Male,Borna,Šlezinger,West Haven,CT,6516.0,United States,1987-03-21,203.9,69,30.1,3073,Bedford Street,203-933-3979,BornaSlezinger@cuvox.de,borna šlezinger
464,Female,Bouke,Glaser,Owensville,MO,65066.0,United States,1996-10-21,142.1,66,22.9,3006,Maple Court,1 573 437 7334,BoukeGlaser@einrot.com,bouke glaser
316,Male,Brancaleone,Russo,San Antonio,TX,78217.0,United States,1997-06-20,211.9,74,27.2,2074,Parrish Avenue,+1 (830) 851-4280,BrancaleoneRusso@jourrapide.com,brancaleone russo
206,Male,Breno,Correia,Tonawanda,NY,14150.0,United States,1974-07-11,180.6,67,28.3,3539,Bottom Lane,716-743-5884,BrenoLimaCorreia@superrito.com,breno correia
53,Female,Brianna,Lansell,Urbandale,IA,50322.0,United States,1950-12-04,202.0,62,36.9,1389,Nutters Barn Lane,515-727-9324,BriannaLansell@fleckens.hu,brianna lansell
186,Male,Brice,Authier,Elkton,MI,48731.0,United States,1939-12-16,125.1,64,21.5,1895,Hart Ridge Road,1 989 375 2216,BriceAuthier@superrito.com,brice authier
86,Male,Burrell,Mathieu,Kissimmee,FL,34746.0,United States,1936-05-16,203.5,71,28.4,3816,Grand Avenue,407-662-9389,BurrellMathieu@teleworm.us,burrell mathieu
123,Male,Bội,Tạ,Grand Rapids,MI,49503.0,United States,1929-05-30,211.0,69,31.2,2389,Rubaiyat Road,231-607-3625,TaHaBoi@superrito.com,bội tạ
211,Female,Camilla,Zaitseva,Wooster,OH,44691.0,United States,1938-11-26,107.58545599999998,63,19.1,4689,Briarhill Lane,330-202-2145,CamillaZaitseva@superrito.com,camilla zaitseva
462,Male,Cannan,Cabrera,New York,NY,10014.0,United States,1980-10-12,209.7,71,29.2,2102,Geraldine Lane,646-289-4177,CannanCabreraOrdonez@superrito.com,cannan cabrera
116,Female,Caroline,Bois,Lakeport,CA,95453.0,United States,1985-12-26,151.4,64,26.0,1350,Meadow Lane,1 707 262 6503,CarolineBois@rhyta.com,caroline bois
92,Female,Caroline,Shuler,Houston,TX,77002.0,United States,1949-03-08,218.7,66,35.3,1403,Clousson Road,713-230-1739,CarolineTShuler@jourrapide.com,caroline shuler
249,Female,Cecilie,Nilsen,North Loup,NE,68859.0,United States,1950-01-12,181.3,64,31.1,1854,Kyle Street,308-496-7837,CecilieNilsen@superrito.com,cecilie nilsen
120,Female,Chaja,Bouw,Houston,TX,77063.0,United States,1979-09-16,211.9,70,30.4,2808,Circle Drive,832-457-6625,ChajaBouw@dayrep.com,chaja bouw
84,Male,Chen,Yao,Dayton,OH,45407.0,United States,1975-11-08,214.7,76,26.1,2566,Ingram Street,937-523-1224,ChenYao@teleworm.us,chen yao
159,Male,Chibuzo,Okoli,Tulsa,OK,74136.0,United States,1983-06-14,142.8,73,18.8,4291,Patton Lane,+1 (918) 971-5864,ChibuzoOkoli@einrot.com,chibuzo okoli
502,Female,Chidalu,Onyekaozulu,Seattle,WA,98109.0,United States,1952-02-13,176.9,67,27.7,3652,Boone Crockett Lane,1 360 443 2060,ChidaluOnyekaozulu@jourrapide.com,chidalu onyekaozulu
358,Female,Chiemela,Tobeolisa,Bellefontaine,OH,43311.0,United States,1965-06-07,187.9,69,27.7,2881,Harter Street,937-592-9410,ChiemelaTobeolisa@rhyta.com,chiemela tobeolisa
356,Female,Chiho,Higa,Providence,RI,2905.0,United States,1935-05-25,182.6,59,36.9,4500,Myra Street,401-456-2797,ChihoHiga@teleworm.us,chiho higa
171,Male,Chikere,Achebe,Brooklyn,NY,11227.0,United States,1939-01-12,215.4,67,33.7,321,Briercliff Road,718-628-9500,ChikereAchebe@jourrapide.com,chikere achebe
153,Male,Christopher,Woodward,New York,NY,10004.0,United States,1984-09-04,212.2,66,34.2,3450,Southern Street,+1 (516) 630-5900,ChristopherWoodward@jourrapide.com,christopher woodward
365,Female,Chukwumoge,Ogochukwu,Sherman Oaks,CA,91403.0,United States,1960-09-16,212.3,75,26.5,4704,Edsel Road,818-372-7106,ChukwumogeOgochukwu@teleworm.us,chukwumoge ogochukwu
317,Female,Chân,Bùi,Amherst,MA,1002.0,United States,1932-10-11,162.1,61,30.6,115,Frank Avenue,413-259-3637,BuiQuynhChan@fleckens.hu,chân bùi
83,Female,Châu,Thạch,Atlanta,GA,30346.0,United States,1999-03-03,171.4,60,33.5,4814,Layman Court,678-350-2390,ThachThiKieuChau@superrito.com,châu thạch
297,Female,Chỉ,Lâm,,,,,1990-05-14,181.1,63,32.1,nan,,,,chỉ lâm
229,Female,Cintia,Csorba,Sacramento,CA,95826.0,United States,1991-07-20,186.6,62,34.1,2126,Pearl Street,916-379-7480,CsorbaCintia@fleckens.hu,cintia csorba
451,Male,Clinton,Miller,Roslyn,NY,11576.0,United States,1985-08-16,195.4,74,25.1,901,Southern Street,516-626-8021,ClintonKMiller@rhyta.com,clinton miller
299,Male,Connor,Harold,Corpus Christi,TX,78476.0,United States,1923-09-12,182.2,69,26.9,3688,Glenview Drive,361-533-5161,ConnorHarold@fleckens.hu,connor harold
160,Female,Coralie,Allaire,Sylva,NC,28779.0,United States,1925-03-04,149.4,66,24.1,1066,Goosetown Drive,+1 (828) 586-5050,CoralieAllaire@armyspy.com,coralie allaire
369,Male,Corey,Nicholls,Boston,MA,2110.0,United States,1989-04-25,165.0,74,21.2,3427,Gerald L. Bates Drive,1 617 830 7216,CoreyNicholls@jourrapide.com,corey nicholls
222,Male,Csaba,Sági,Portland,PA,97205.0,United States,1943-01-12,181.3,70,26.0,4040,Linda Street,+1 (267) 932-9852,SagiCsaba@armyspy.com,csaba sági
330,Female,Csilla,Herczegh,Tampa,FL,33624.0,United States,1940-06-14,172.7,66,27.9,149,Marion Drive,1 813 434 8122,HerczeghCsilla@jourrapide.com,csilla herczegh
378,Female,Cumelén,Miramontes,Tolono,IL,61880.0,United States,1936-01-30,130.0,66,21.0,4213,Isaacs Creek Road,217-485-5673,CumelenMiramontesAcosta@gustr.com,cumelén miramontes
392,Male,Daimy,Tromp,Sunrise,FL,33323.0,United States,1990-05-23,198.0,75,24.7,522,Lamberts Branch Road,786-970-4206,DaimyTromp@superrito.com,daimy tromp
322,Female,Dalmacia,Madrid,New Orleans,LA,70112.0,United States,1960-02-02,118.4,68,18.0,4784,Paul Wayne Haggerty Road,1 504 403 4615,DalmaciaMadridValenzuela@einrot.com,dalmacia madrid
417,Male,Dani,Antoun,Westbury,NY,11590.0,United States,1928-05-07,138.6,70,19.9,2595,Feathers Hooves Drive,631-664-4813,DaniMuhsinAntoun@armyspy.com,dani antoun
309,Male,Daud,Batukayev,Huntington,NY,11743.0,United States,1983-09-15,178.9,73,23.6,153,Fieldcrest Road,631-875-3023,DaudBatukayev@teleworm.us,daud batukayev
281,Male,David,Beauvais,San Antonio,TX,78258.0,United States,1931-05-01,128.5,67,20.1,98,Freshour Circle,210-218-3477,DavidLBeauvais@rhyta.com,david beauvais
441,Male,David,Villadsen,St Elizabeth,MO,65559.0,United States,1924-11-30,137.3,68,20.9,1434,Oak Ridge Drive,+1 (573) 493-4748,DavidMVilladsen@armyspy.com,david villadsen
483,Male,Diogo,Souza,Corpus Christi,TX,78401.0,United States,1945-03-03,220.0,65,36.6,4033,White Avenue,361-693-4960,DiogoBarrosSouza@jourrapide.com,diogo souza
383,Male,Diðrik,Maríasson,Mount Pleasant,MI,48858.0,United States,1949-03-25,149.6,71,20.9,4015,Juniper Drive,989-822-1351,DirikMariasson@jourrapide.com,diðrik maríasson
351,Male,Diệt,Bùi,Rylie,TX,75235.0,United States,1936-04-18,119.0,65,19.8,3788,Worthington Drive,+1 (972) 557-0198,BuiKimDiet@rhyta.com,diệt bùi
180,Male,Dominik,Grunewald,Marshalltown,IA,50158.0,United States,1935-11-20,143.0,71,19.9,3574,Park Boulevard,641-753-5678,DominikGrunewald@cuvox.de,dominik grunewald
9,Male,David,Gustafsson,Kansas City,MO,64105.0,United States,1937-03-06,163.9,66,26.5,1790,Nutter Street,816-265-9578,DavidGustafsson@armyspy.com,dsvid gustafsson
407,Male,Dániel,Német,Dalton,GA,30720.0,United States,1994-11-21,175.6,73,23.2,4278,Hart Country Lane,+1 (706) 581-5226,NemetDaniel@cuvox.de,dániel német
276,Male,Eddie,Archer,Lombard,IL,60148.0,United States,1982-07-17,158.6,69,23.4,2043,Jadewood Drive,+1 (224) 305-6805,EddieAArcher@gustr.com,eddie archer
479,Female,Edelma,Villalpando,San Jose,CA,95134.0,United States,1977-06-24,109.6,63,19.4,312,Jim Rosa Lane,+1 (415) 755-6435,EdelmaVillalpandoSantillan@teleworm.us,edelma villalpando
447,Male,Eemil,Laine,Mclain,MS,39456.0,United States,1929-03-22,167.2,72,22.7,2531,Eastland Avenue,601-418-0102,EemilLaine@einrot.com,eemil laine
134,Female,Elisabeth,Dimmen,Columbia,SC,29210.0,United States,1985-04-21,199.5,65,33.2,3180,Still Pastures Drive,+1 (803) 465-3312,ElisabethDimmen@cuvox.de,elisabeth dimmen
231,Female,Elisabeth,Knudsen,,,,,1976-09-23,165.9,63,29.4,nan,,,,elisabeth knudsen
364,Female,Elisabetta,Lorenzo,Los Angeles,CA,90017.0,United States,1927-07-16,124.7,61,23.6,1014,Locust Court,562-452-5685,ElisabettaLorenzo@gustr.com,elisabetta lorenzo
27,Female,Ella,Lund,Peoria,IL,61602.0,United States,1933-12-19,144.8,61,27.4,1207,Garfield Road,309-671-8852,EllaLund@armyspy.com,ella lund
158,Female,Ellen,Luman,Chilton,WI,53014.0,United States,1951-02-26,184.6,60,36.0,4643,Reeves Street,920-849-0384,EllenRLuman@einrot.com,ellen luman
94,Male,Elliot,Richardson,Sunrise,FL,33323.0,United States,1973-01-14,168.1,71,23.4,4230,Ridenour Street,786-234-0038,ElliotRichardson@teleworm.us,elliot richardson
179,Female,Else,Andersen,Chicago,IL,60631.0,United States,1975-06-16,197.1,65,32.8,1386,Farland Street,773-934-7423,ElseAndersen@rhyta.com,else andersen
261,Female,Emily,Henriksen,Antioch,CA,94509.0,United States,1957-07-08,206.4,66,33.3,4236,Beech Street,925-757-6139,EmilyNHenriksen@armyspy.com,emily henriksen
138,Female,Emma,Barlow,Pompano Beach,FL,33062.0,United States,1953-01-25,175.6,60,34.3,1703,Everette Alley,954-784-6658,EmmaBarlow@superrito.com,emma barlow
344,Female,Emy,Markus,Stamford,CT,6901.0,United States,1999-01-30,140.6,65,23.4,288,Colony Street,203-251-3573,EmyMarkus@armyspy.com,emy markus
292,Male,Enco,Žibrik,Camden Wyoming,DE,19934.0,United States,1983-01-25,203.9,74,26.2,4792,Maud Street,302-698-2057,EncoZibrik@superrito.com,enco žibrik
80,Male,Eniz,Konovšek,Philadelphia,DE,19108.0,United States,1967-06-23,183.9,72,24.9,783,Callison Lane,302-397-6035,EnizKonovsek@superrito.com,eniz konovšek
400,Male,Eric,Ek,Seattle,WA,98109.0,United States,1943-04-07,212.1,71,29.6,4160,Pratt Avenue,+1 (360) 965-1558,EricEk@jourrapide.com,eric ek
312,Female,Erica,MacDonald,Philadelphia,MS,39350.0,United States,1937-05-04,171.4,63,30.4,2011,Eastland Avenue,601-389-7682,EricaMacDonald@teleworm.us,erica macdonald
367,Male,Erick,Pinto,Aberdeen,SD,57401.0,United States,1945-09-24,183.5,68,27.9,2884,Elsie Drive,605-250-4942,ErickSouzaPinto@cuvox.de,erick pinto
475,Female,Esperanza,Labrosse,Atlanta,GA,30303.0,United States,1961-10-07,181.5,63,32.1,1370,Flint Street,678-263-3564,EsperanzaLabrosse@armyspy.com,esperanza labrosse
81,Male,Eufemio,Rosario,Westbury,NY,11590.0,United States,1923-02-28,183.7,71,25.6,2531,Cantebury Drive,+1 (646) 621-0640,EufemioRosarioAlarcon@gustr.com,eufemio rosario
199,Female,Eufrosina,Schiavone,Lexington,KY,40507.0,United States,1926-04-06,108.5,62,19.8,1984,Counts Lane,+1 (859) 977-9462,EufrosinaSchiavone@cuvox.de,eufrosina schiavone
335,Male,Eugene,Mironov,Bartlett,IL,60103.0,United States,1963-01-11,195.8,65,32.6,1840,Millbrook Road,630-837-9473,EugeneMironov@dayrep.com,eugene mironov
142,Female,Evelyn,Uspenskaya,Dallas,TX,75207.0,United States,1934-10-25,110.2,61,20.8,944,Thrash Trail,903-644-2098,EvelynUspenskaya@rhyta.com,evelyn uspenskaya
385,Male,Even,Knutsen,Custer,SD,57730.0,United States,1972-10-26,180.2,74,23.1,4851,Andy Street,+1 (605) 440-5492,EvenKnutsen@rhyta.com,even knutsen
42,Male,Fakhri,Fakhoury,Danube,MN,56230.0,United States,1979-11-04,143.0,66,23.1,155,Red Hawk Road,320-826-3340,FakhriHaniFakhoury@cuvox.de,fakhri fakhoury
192,Female,Fanette,Fournier,Chicago,IL,60607.0,United States,1938-10-24,112.6,60,22.0,602,Tator Patch Road,+1 (312) 864-5737,FanetteFournier@einrot.com,fanette fournier
289,Male,Fareeq,Kalb,Santa Cruz,CA,95060.0,United States,1985-05-01,194.5,70,27.9,1043,Ventura Drive,831-427-4114,FareeqJawharKalb@armyspy.com,fareeq kalb
370,Female,Farizah,Sleiman,San Diego,CA,92101.0,United States,1943-08-19,190.5,62,34.8,2322,Grim Avenue,619-652-0285,FarizahAminehSleiman@teleworm.us,farizah sleiman
342,Female,Fatimah,Khoury,Fullerton,CA,93632.0,United States,1950-01-23,120.3,67,18.8,883,Oakwood Circle,1 949 290 0728,FatimahAqilahKhoury@superrito.com,fatimah khoury
237,Female,Fatimah,Kinfe,Aurora,CO,80010.0,United States,1981-01-21,199.8,62,36.5,2640,Sweetwood Drive,303-360-3627,FatimahKinfe@fleckens.hu,fatimah kinfe
79,Female,Fauna,Bilodeau,Mansfield,MA,2048.0,United States,1979-07-02,193.4,69,28.6,4104,Kennedy Court,1 774 263 5317,FaunaBilodeau@teleworm.us,fauna bilodeau
453,Female,Fearne,McGregor,Harrisburg,PA,17111.0,United States,1936-06-30,142.1,65,23.6,1168,Stout Street,717-368-8321,FearneMcGregor@superrito.com,fearne mcgregor
151,Male,Felicijan,Bubanj,Dundee,FL,33838.0,United States,1957-05-22,226.6,71,31.6,4556,Oakdale Avenue,863-438-6922,FelicijanBubanj@einrot.com,felicijan bubanj
494,Female,Fen,Chin,Boise,ID,83702.0,United States,1997-03-18,195.1,68,29.7,1826,Poplar Chase Lane,+1 (208) 388-1065,FenChin@gustr.com,fen chin
413,Male,Finlay,Sheppard,Portland,OH,45204.0,United States,1948-06-16,161.3,70,23.1,4571,Walnut Hill Drive,+1 (513) 297-6359,FinlaySheppard@fleckens.hu,finlay sheppard
143,Male,Finley,Chandler,New York,NY,10001.0,United States,1936-10-25,150.9,70,21.6,2754,Westwood Avenue,516-740-5280,FinleyChandler@dayrep.com,finley chandler
63,Female,Firenze,Fodor,Belmont,MA,2178.0,United States,1943-04-01,131.1,60,25.6,1786,Gerald L. Bates Drive,617-883-5967,FodorFirenze@dayrep.com,firenze fodor
270,Female,Flavia,Fiorentino,,,,,1937-10-09,175.2,61,33.1,nan,,,,flavia fiorentino
161,Male,Flaviano,Endrizzi,Phoenix,AZ,85023.0,United States,1928-10-11,195.1,75,24.4,3209,Crowfield Road,602-993-7880,FlavianoEndrizzi@cuvox.de,flaviano endrizzi
293,Male,Fraser,Hunter,Cissna Park,IL,60924.0,United States,1929-07-09,143.0,64,24.5,3072,Braxton Street,815-457-5970,FraserHunter@teleworm.us,fraser hunter
122,Male,Frydryk,Adamski,Syracuse,NY,13221.0,United States,1941-10-12,230.8,76,28.1,1845,Saint Marys Avenue,1 315 869 4408,FrydrykAdamski@armyspy.com,frydryk adamski
379,Female,Furuta,Osman,Memphis,TN,38115.0,United States,1933-11-28,138.8,63,24.6,3300,Woodridge Lane,1 901 316 3780,FurutaOsman@rhyta.com,furuta osman
215,Female,Gabriela,Michalčíková,Hartford,VT,5047.0,United States,1964-10-08,126.9,65,21.1,383,Marion Street,+1 (802) 952-6490,GabrielaMichalcikova@rhyta.com,gabriela michalčíková
209,Female,Gabriele,Saenger,Arlington,TX,76011.0,United States,1973-08-26,121.2,68,18.4,3499,Baker Avenue,+1 (817) 909-5667,GabrieleSaenger@armyspy.com,gabriele saenger
217,Female,Gabrielle,Bidwill,Manhattan,NY,10016.0,United States,1963-10-11,170.1,67,26.6,3479,Elm Drive,646-472-4758,GabrielleBidwill@teleworm.us,gabrielle bidwill
466,Male,Gabryŝ,Tomaszewski,Hillsboro,TX,76645.0,United States,1998-09-16,160.8,67,25.2,1343,Clair Street,254-582-1795,GabrysTomaszewski@armyspy.com,gabryŝ tomaszewski
169,Female,Galit,Casárez,Palo Alto,CA,94306.0,United States,1956-05-12,118.8,67,18.6,513,Duck Creek Road,650-849-6900,GalitCasarezBrito@jourrapide.com,galit casárez
40,Female,Ganimete,Ščančar,Walpole,MA,2081.0,United States,1947-10-25,191.6,67,30.0,4105,Ferguson Street,508-454-2027,GanimeteScancar@cuvox.de,ganimete ščančar
279,Female,Generosa,Cabán,,,,,1962-12-16,124.3,69,18.4,nan,,,,generosa cabán
39,Female,Genet,Fesahaye,Westborough,MA,1581.0,United States,1954-01-11,111.8,67,17.5,4649,Joanne Lane,1 978 460 9060,GenetFesahaye@armyspy.com,genet fesahaye
95,Female,Gina,Cain,Miami,FL,33106.0,United States,1935-07-14,144.1,60,28.1,3418,Tyler Avenue,305-361-8416,GinaACain@armyspy.com,gina cain
409,Female,Giovana,Rocha,Grayling,MI,49738.0,United States,1938-05-02,113.1,67,17.7,3542,Robinson Court,+1 (989) 390-0285,GiovanaAzevedoRocha@superrito.com,giovana rocha
26,Male,Gregor,Bole,Albuquerque,NM,87109.0,United States,1922-06-19,180.8,67,28.3,922,Chapmans Lane,505-828-4955,GregorBole@gustr.com,gregor bole
463,Male,Guðni,Heimisson,Los Angeles,CA,90007.0,United States,1983-11-28,154.9,71,21.6,430,Canis Heights Drive,213-749-6958,GuniHeimisson@superrito.com,guðni heimisson
34,Male,Habte,Kifle,Dekalb,IL,60115.0,United States,1946-01-20,153.8,72,20.9,2055,Emeral Dreams Drive,815-270-7770,HabteKifle@fleckens.hu,habte kifle
496,Male,Hajime,Tsukada,San Mateo,CA,94403.0,United States,1972-09-05,168.1,66,27.1,4111,Thunder Road,650-570-4896,HajimeTsukada@dayrep.com,hajime tsukada
75,Female,Hanka,Gegič,Tulsa,OK,74106.0,United States,1926-01-20,103.2,61,19.5,192,Patton Lane,918-975-7594,HankaGegic@fleckens.hu,hanka gegič
280,Female,Hanna-Mari,Filatov,Riverton,WV,26814.0,United States,1967-01-05,200.8,62,36.7,2127,Columbia Mine Road,304-567-9723,Hanna-MariFilatov@fleckens.hu,hanna-mari filatov
439,Female,Hannah,McIntosh,New Philadelphia,OH,44663.0,United States,1946-09-13,112.0,67,17.5,260,Derek Drive,330-365-4059,HannahMcIntosh@superrito.com,hannah mcintosh
362,Male,Hans Peter,Radislav,El Paso,TX,79905.0,United States,1973-10-28,169.0,70,24.2,208,Birch  Street,915-612-1462,HansPeterRadislav@gustr.com,hans peter radislav
470,Male,Harley,Tucker,Wilmington,NC,28412.0,United States,1965-09-21,220.4,66,35.6,1067,Ray Court,910-264-6229,HarleyTucker@fleckens.hu,harley tucker
69,Female,Haruna,Azuma,Milwaukee,WI,53204.0,United States,1978-02-22,149.8,63,26.5,1507,Woodlawn Drive,414-646-4353,HarunaAzuma@gustr.com,haruna azuma
164,Female,Hawra',Tuma,Winnsboro,SC,29180.0,United States,1992-09-29,134.2,69,19.8,2972,Hillview Street,803-712-1180,HawraSultanahTuma@superrito.com,hawra' tuma
147,Male,Haylom,Nebay,East Chicago,IN,46312.0,United States,1963-09-01,185.9,70,26.7,1736,Parrill Court,1 219 391 7729,HaylomNebay@gustr.com,haylom nebay
347,Female,Helen,Luwam,Binghamton,NY,13904.0,United States,1946-07-06,166.3,60,32.5,2687,Hinkle Deegan Lake Road,607-206-1483,HelenLuwam@dayrep.com,helen luwam
391,Male,Hideki,Haraguchi,La Grange,TX,78945.0,United States,1997-02-13,181.3,67,28.4,3995,Colonial Drive,979-639-7844,HidekiHaraguchi@einrot.com,hideki haraguchi
440,Male,Hiromu,Horikawa,Des Moines,IA,50309.0,United States,1981-07-07,242.0,70,34.7,4567,Hazelwood Avenue,1 515 362 6574,HiromuHorikawa@superrito.com,hiromu horikawa
313,Female,Holly,Macleod,Los Angeles,CA,90017.0,United States,1935-11-16,190.7,62,34.9,57,Norman Street,1 323 280 6511,HollyMacleod@jourrapide.com,holly macleod
311,Male,Hugo,Collins,Lenexa,KS,66219.0,United States,1932-02-03,193.6,69,28.6,3214,Better Street,1 913 322 9114,HugoCollins@cuvox.de,hugo collins
456,Female,Hui,Ch'eng,Yardley,PA,19067.0,United States,1982-05-03,203.1,69,30.0,3423,Burning Memory Lane,215-321-9611,HuiCheng@rhyta.com,hui ch'eng
165,Female,Hường,Lâm,Olathe,KS,66061.0,United States,1959-06-19,193.6,63,34.3,4795,Better Street,913-393-8663,LamHoangHuong@rhyta.com,hường lâm
460,Female,Idalia,Moore,San Diego,CA,92073.0,United States,1993-10-26,102.1,61,19.3,4380,Grim Avenue,619-710-6286,IdaliaEMoore@cuvox.de,idalia moore
399,Male,Ilija,Horvat,Cave Spring,GA,30124.0,United States,1941-01-21,193.8,72,26.3,4380,Riverside Drive,+1 (706) 777-4981,IlijaHorvat@dayrep.com,ilija horvat
375,Male,Ingi,Þráinsson,Colfax,WA,99111.0,United States,1986-02-05,210.8,69,31.1,707,Goodwin Avenue,509-397-8510,Ingirainsson@dayrep.com,ingi þráinsson
91,Male,Ingo,Rokavc,Buffalo,NY,14214.0,United States,1977-08-27,192.3,67,30.1,4271,Cherry Ridge Drive,+1 (585) 902-9127,IngoRokavc@superrito.com,ingo rokavc
107,Male,Inunnguaq,Heilmann,New Castle,IN,47362.0,United States,1976-05-06,219.9,67,34.4,4110,Capitol Avenue,1 765 599 8847,InunnguaqHeilmann@rhyta.com,inunnguaq heilmann
246,Female,Isabelle,Nash,Rockford,IL,61101.0,United States,1986-02-03,206.1,62,37.7,932,Memory Lane,815-979-8782,IsabelleNash@einrot.com,isabelle nash
101,Male,Isac,Berg,Binford,ND,58416.0,United States,1995-08-01,137.9,66,22.3,1497,Hidden Meadow Drive,701-676-6301,IsacBerg@cuvox.de,isac berg
449,Male,Ivan,Fomin,Garfield Heights,OH,44128.0,United States,1930-06-10,139.9,65,23.3,632,Peaceful Lane,216-502-3773,IvanFomin@dayrep.com,ivan fomin
436,Female,Ivana,Kašná,Newport News,VA,23601.0,United States,1995-08-15,173.8,67,27.2,3343,Jefferson Street,+1 (757) 736-7026,IvanaKasna@teleworm.us,ivana kašná
488,Male,Ivar,Löfgren,Ottawa,KS,66067.0,United States,1962-11-07,242.4,77,28.7,1346,Nicholas Street,1 785 229 1188,IvarLofgren@armyspy.com,ivar löfgren
377,Female,Ivona,Jakšić,Wichita,AR,67202.0,United States,1935-09-05,200.8,62,36.7,1051,Bassell Avenue,+1 (501) 636-4058,IvonaJaksic@einrot.com,ivona jakšić
65,Male,Jaakko,Eskelinen,Syracuse,NY,13221.0,United States,1971-02-26,163.7,68,24.9,4324,Oak Street,+1 (315) 362-5858,JaakkoEskelinen@superrito.com,jaakko eskelinen
491,Male,Jackson,Addison,New Rochelle,NY,10801.0,United States,1953-05-29,192.7,69,28.5,1160,Taylor Street,914-636-9304,JacksonAddison@armyspy.com,jackson addison
334,Male,Jad Allah,Gaber,Monroeville,IN,46773.0,United States,1926-05-14,174.2,69,25.7,2704,Windy Ridge Road,1 260 623 1176,JadAllahSayyarGaber@rhyta.com,jad allah gaber
193,Female,Jade,Parker,Garden City,NY,11530.0,United States,1927-06-19,188.8,63,33.4,2957,Feathers Hooves Drive,631-704-6487,JadeParker@superrito.com,jade parker
3,Male,Jae,Debord,York,NE,68467.0,United States,1980-02-19,177.8,71,24.8,1493,Poling Farm Road,402-363-6804,JaeMDebord@gustr.com,jae debord
30,Male,Jake,Jakobsen,Port Jervis,NY,12771.0,United States,1985-08-01,155.8,67,24.4,648,Old Dear Lane,+1 (845) 858-7707,JakobCJakobsen@einrot.com,jake jakobsen
25,Male,Jakob,Jakobsen,Port Jervis,NY,12771.0,United States,1985-08-01,155.8,67,24.4,648,Old Dear Lane,+1 (845) 858-7707,JakobCJakobsen@einrot.com,jakob jakobsen
99,Male,Jan,Baum,Fairbanks,AK,99701.0,United States,1967-11-06,194.3,74,24.9,1733,Blackwell Street,+1 (907) 328-4125,JanBaum@superrito.com,jan baum
187,Female,Jane,Citizen,Providence,RI,2908.0,United States,1974-09-27,143.0,65,23.8,2866,Myra Street,+1 (401) 485-6384,JaneCitizen@cuvox.de,jane citizen
31,Female,Janina,Bazarova,Englewood,CO,80112.0,United States,1964-06-29,156.9,65,26.1,3259,Roy Alley,303-910-2058,JaninaBazarova@superrito.com,janina bazarova
490,Female,Jasmine,Sykes,Lafayette,CA,94549.0,United States,1988-12-01,187.2,63,33.2,2607,Water Street,925-283-5425,JasmineSykes@jourrapide.com,jasmine sykes
47,Male,Javier,Moquin,Pittsburgh,PA,15201.0,United States,1941-08-07,163.9,72,22.2,1808,Stuart Street,724-419-3583,JavierMoquin@rhyta.com,javier moquin
213,Male,Jens,Poulsen,Charlotte,NC,28202.0,United States,1963-12-09,168.1,71,23.4,1942,Harry Place,704-805-5094,JensPoulsen@fleckens.hu,jens poulsen
294,Male,Jeramy,Hopkins,Walnut Creek,CA,94597.0,United States,1995-09-11,179.1,71,25.0,2651,Black Oak Hollow Road,408-834-4087,JeramyAHopkins@teleworm.us,jeramy hopkins
262,Male,Jeremy,Montagu,Boston,MA,2110.0,United States,1982-06-23,192.7,74,24.7,4988,Lynn Street,617-297-0387,JeremyMontagu@teleworm.us,jeremy montagu
135,Male,Jesse,Luoma,Albany,NY,12207.0,United States,1922-06-01,154.9,66,25.0,3714,Ben Street,+1 (518) 212-7081,JesseLuoma@fleckens.hu,jesse luoma
452,Female,Jia Li,Teng,Upland,CA,91786.0,United States,1928-12-07,202.2,66,32.6,1251,Clarence Court,1 909 982 4264,JiaLiTeng@fleckens.hu,jia li teng
258,Male,Jin,Kung,,,,,1995-05-17,231.7,69,34.2,nan,,,,jin kung
501,Female,Jinke,de Keizer,Overland Park,MO,64110.0,United States,1971-01-13,171.2,67,26.8,649,Nutter Street,816-223-6007,JinkedeKeizer@teleworm.us,jinke de keizer
203,Female,Jiřina,Šubrtová,Portland,OR,97204.0,United States,1987-12-10,138.4,61,26.1,4262,Heron Way,503-820-7877,JirinaSubrtova@rhyta.com,jiřina šubrtová
304,Female,Joe,Edwards,Detroit,MI,48219.0,United States,1963-04-08,149.8,61,28.3,1526,Tully Street,1 313 589 1746,JoeVEdwards@armyspy.com,joe edwards
374,Female,Johana,Hrdá,Springdale,AR,72762.0,United States,1952-08-04,216.9,66,35.0,541,Green Hill Road,479-248-5663,JohanaHrda@dayrep.com,johana hrdá
267,Female,Johanna,Dreher,Whitesburg,KY,41858.0,United States,1948-10-06,187.0,61,35.3,3857,Straford Park,1 606 632 4327,JohannaDreher@superrito.com,johanna dreher
154,Male,John,Carreiro,Reno,NV,89509.0,United States,1976-04-08,177.8,68,27.0,1463,Martha Ellen Drive,1 775 770 7827,JohnACarreiro@superrito.com,john carreiro
230,Male,John,Doe,New York,NY,12345.0,United States,1975-01-01,180.0,72,24.4,123,Main Street,1234567890,johndoe@email.com,john doe
238,Male,John,Doe,New York,NY,12345.0,United States,1975-01-01,180.0,72,24.4,123,Main Street,1234567890,johndoe@email.com,john doe
216,Male,John,Doe,New York,NY,12345.0,United States,1975-01-01,180.0,72,24.4,123,Main Street,1234567890,johndoe@email.com,john doe
245,Male,John,Doe,New York,NY,12345.0,United States,1975-01-01,180.0,72,24.4,123,Main Street,1234567890,johndoe@email.com,john doe
252,Male,John,Doe,New York,NY,12345.0,United States,1975-01-01,180.0,72,24.4,123,Main Street,1234567890,johndoe@email.com,john doe
278,Male,John,Doe,New York,NY,12345.0,United States,1975-01-01,180.0,72,24.4,123,Main Street,1234567890,johndoe@email.com,john doe
243,Male,John,O'Brian,,,,,1957-02-25,205.3,74,26.4,nan,,,,john o'brian
141,Male,John,Teichelmann,Decatur,IL,62522.0,United States,1958-12-03,214.1,72,29.0,631,Isaacs Creek Road,217-421-0935,JohnTeichelmann@dayrep.com,john teichelmann
139,Male,Jose,Combs,Richmond,VA,23220.0,United States,1975-12-27,171.2,74,22.0,718,Eden Drive,804-908-1436,JoseRCombs@rhyta.com,jose combs
70,Male,Joseph,Day,Lombard,IL,60148.0,United States,1986-02-23,150.6,68,22.9,1821,Virginia Street,+1 (773) 615-9328,JosephMDay@teleworm.us,joseph day
28,Male,Joseph,Tucker,Venice,LA,70091.0,United States,1959-04-10,175.8,72,23.8,4982,Wood Street,985-814-7603,JosephNTucker@rhyta.com,joseph tucker
271,Female,Jowita,Wiśniewska,Granite City,IL,62040.0,United States,1934-11-08,108.1,61,20.4,2168,Butternut Lane,+1 (618) 512-3319,JowitaWisniewska@armyspy.com,jowita wiśniewska
468,Female,Jožka,Resanovič,Redding,CA,96001.0,United States,1959-10-05,122.1,63,21.6,1557,Byers Lane,530-773-9263,JozkaResanovic@superrito.com,jožka resanovič
253,Male,Juan,Pérez,Bedford,MA,1730.0,United States,1991-10-01,224.2,70,32.2,2549,Pearlman Avenue,978-243-8596,JuanPerez@teleworm.us,juan pérez
264,Female,Julia,Carvalho,New York,NY,10036.0,United States,1931-04-11,171.8,61,32.5,3662,Shinn Street,+1 (212) 782-4151,JuliaAzevedoCarvalho@superrito.com,julia carvalho
473,Female,Julia,Werner,Natchez,MS,39120.0,United States,1938-09-14,155.3,61,29.3,325,Eastland Avenue,601-446-6829,JuliaWerner@teleworm.us,julia werner
478,Male,Juliusz,Majewski,Florence,SC,29501.0,United States,1966-09-29,212.1,69,31.3,4435,Poe Road,+1 (843) 212-6421,JuliuszMajewski@superrito.com,juliusz majewski
236,Female,Justyna,Kowalczyk,Pippa Passes,KY,41844.0,United States,1981-04-05,112.2,61,21.2,3115,May Street,606-368-9825,JustynaKowalczyk@jourrapide.com,justyna kowalczyk
423,Female,Jázmin,Györfy,Haverhill,IA,50120.0,United States,1958-09-21,129.4,64,22.2,1049,Park Boulevard,641-475-9654,GyorfyJazmin@jourrapide.com,jázmin györfy
414,Male,Kai,Cunha,Detroit,MI,48221.0,United States,1990-02-01,163.5,74,21.0,2967,Prudence Street,313-341-7799,KaiOliveiraCunha@cuvox.de,kai cunha
444,Female,Kajsa,Eidem,Ocala,FL,34471.0,United States,1964-04-26,191.0,60,37.3,1953,Rhapsody Street,352-362-5392,KajsaEidem@superrito.com,kajsa eidem
36,Female,Kamila,Pecinová,New York,NY,10004.0,United States,1985-12-23,198.9,62,36.4,3558,Longview Avenue,718-501-0503,KamilaPecinova@dayrep.com,kamila pecinová
255,Male,Kang,Mai,Pittsburgh,PA,15205.0,United States,1986-09-16,200.4,70,28.8,1109,Beechwood Drive,412-274-6756,KangMai@jourrapide.com,kang mai
183,Male,Kaodilinakachukwu,Nnonso,Jersey City,NJ,7304.0,United States,1963-11-09,230.3,69,34.0,3261,Desert Broom Court,201-739-3931,KaodilinakachukwuNnonso@gustr.com,kaodilinakachukwu nnonso
433,Female,Karen,Jakobsen,Houston,TX,77020.0,United States,1962-11-25,185.2,67,29.0,1690,Fannie Street,1 979 203 0438,KarenJakobsen@jourrapide.com,karen jakobsen
288,Male,Kari,Laatikainen,San Diego,CA,92111.0,United States,1976-03-21,149.6,72,20.3,1231,Grim Avenue,1 619 818 3436,KariLaatikainen@fleckens.hu,kari laatikainen
402,Female,Kasumi,Hori,Lawrence,KS,66044.0,United States,1959-03-30,180.6,62,33.0,1116,Dog Hill Lane,+1 (785) 748-8181,KasumiHori@gustr.com,kasumi hori
474,Female,Kate,Wilkinson,South Boston,MA,2127.0,United States,1998-07-18,175.3,65,29.2,664,Lyon Avenue,1 508 905 2371,KateWilkinson@armyspy.com,kate wilkinson
176,Female,Katrine,Lynge,Jacksonville,IL,62650.0,United States,1934-08-25,163.2,60,31.9,4943,Isaacs Creek Road,1 217 491 5261,KatrineLynge@gustr.com,katrine lynge
361,Male,Kerman,Dandonneau,Atlanta,GA,30303.0,United States,1998-04-09,165.9,71,23.1,3688,Adonais Way,1 678 412 3728,KermanDandonneau@superrito.com,kerman dandonneau
240,Male,Khalid,Johnsrud,Gulfport,MS,39501.0,United States,1930-01-28,214.5,69,31.7,1147,Kelley Road,228-378-1355,KhalidJohnsrud@teleworm.us,khalid johnsrud
201,Male,Kifle,Mustafa,Pennsauken,NJ,8110.0,United States,1965-10-09,186.1,69,27.5,4535,Prospect Street,856-655-5415,KifleMustafa@gustr.com,kifle mustafa
190,Female,Kisanet,Selassie,Sacramento,CA,95817.0,United States,1956-04-26,177.1,62,32.4,3227,Park Avenue,+1 (916) 453-3601,KisanetSelassie@gustr.com,kisanet selassie
273,Female,Klementyna,Sokołowska,Dayton,OH,45402.0,United States,1955-03-06,168.7,60,32.9,202,Ingram Street,+1 (937) 518-7238,KlementynaSokolowska@superrito.com,klementyna sokołowska
325,Male,Kong,Lei,Washington,DC,20009.0,United States,1937-08-10,165.2,72,22.4,4508,Goldcliff Circle,202-238-2247,KongLei@fleckens.hu,kong lei
67,Male,Konstantyn,Kowalczyk,San Diego,CA,92103.0,United States,1938-03-02,194.3,67,30.4,4707,Parkway Street,760-287-8295,KonstantynKowalczyk@armyspy.com,konstantyn kowalczyk
148,Male,Kristian,Vukelić,West Los Angeles,CA,90025.0,United States,1958-11-30,191.4,66,30.9,4411,Libby Street,310-268-6864,KristianVukelic@teleworm.us,kristian vukelić
430,Female,Kristiina,Hyypiä,Grand Forks,MN,58203.0,United States,1922-05-02,152.1,65,25.3,206,Eagle Lane,218-773-9682,KristiinaHyypia@cuvox.de,kristiina hyypiä
393,Female,Kristin,Borgen,Lemont,IL,60439.0,United States,1971-12-12,206.1,67,32.3,3008,Walkers Ridge Way,630-252-5095,KristinBorgen@gustr.com,kristin borgen
282,Male,Kristján,Ingason,Birmingham,AL,35203.0,United States,1986-12-01,214.1,69,31.6,677,Broad Street,205-494-6040,KristjanIngason@gustr.com,kristján ingason
350,Male,Kristoffer,Martinsen,Packwood,WA,98361.0,United States,1964-12-06,161.5,73,21.3,1865,Honeysuckle Lane,360-494-5489,KristofferMartinsen@dayrep.com,kristoffer martinsen
254,Female,Krisztina,Magyar,Orlando,FL,32810.0,United States,1950-05-03,117.0,64,20.1,3820,Terry Lane,321-287-0484,MagyarKrisztina@superrito.com,krisztina magyar
396,Male,Krisztián,Bakos,Yadkinville,NC,27055.0,United States,1975-03-28,231.9,74,29.8,2316,Ingram Road,336-677-8769,BakosKrisztian@teleworm.us,krisztián bakos
425,Female,Krystiana,Kozłowska,Providence,RI,2906.0,United States,1921-11-08,123.6,63,21.9,2935,Diamond Cove,+1 (401) 419-2975,KrystianaKozlowska@cuvox.de,krystiana kozłowska
90,Male,Kwasi,Mensa,Tempe,AZ,85281.0,United States,1942-10-05,145.4,69,21.5,479,Elmwood Avenue,+1 (480) 967-6336,KwasiMensa@cuvox.de,kwasi mensa
54,Male,Kwemtochukwu,Ogochukwu,Franklin,MA,2038.0,United States,1976-06-30,150.5,72,20.4,2172,Lynn Street,617-317-5055,KwemtochukwuOgochukwu@einrot.com,kwemtochukwu ogochukwu
233,Female,Kyouko,Ono,San Diego,CA,92123.0,United States,1940-11-19,126.9,59,25.6,435,Pike Street,1 858 587 9945,KyoukoOno@superrito.com,kyouko ono
227,Male,Kári,Hervinsson,Fairview Park,NY,10603.0,United States,1963-08-05,189.4,72,25.7,4273,Deans Lane,914-784-6646,KariHervinsson@einrot.com,kári hervinsson
210,Female,Lalita,Eldarkhanov,,,,,1950-08-14,143.4,62,26.2,nan,,,,lalita eldarkhanov
196,Female,Lamara,Dratchev,New Orleans,LA,70113.0,United States,1954-10-20,181.3,67,28.4,3731,Swick Hill Street,985-253-7891,LamaraDratchev@teleworm.us,lamara dratchev
228,Female,Laura,Ehrlichmann,Omaha,NE,68124.0,United States,1942-01-03,187.9,60,36.7,1829,Bungalow Road,402-938-2157,LauraEhrlichmann@einrot.com,laura ehrlichmann
207,Female,Leah,Wong,Canadian,TX,79014.0,United States,1934-06-11,129.8,62,23.7,3548,Hilltop Drive,806-323-2210,LeahWong@einrot.com,leah wong
205,Male,Leixandre,Alanis,Oklahoma City,OK,73102.0,United States,1938-03-25,222.6,69,32.9,4103,Musgrave Street,405-234-5350,LeixandreAlanisMadrigal@fleckens.hu,leixandre alanis
128,Female,Lena,Baer,Elma,WA,98541.0,United States,1977-11-10,170.7,61,32.2,272,Boone Crockett Lane,360-482-2553,LenaBaer@rhyta.com,lena baer
76,Male,Leo,Mancini,Fremont,CA,94538.0,United States,1964-09-26,195.1,68,29.7,1813,Lindale Avenue,+1 (510) 498-6624,LeoMancini@rhyta.com,leo mancini
434,Male,Leo,Vieira,Pittsburgh,PA,15215.0,United States,1975-03-09,154.4,71,21.5,4894,Chandler Hollow Road,412-449-0733,LeoDVieira@cuvox.de,leo vieira
332,Male,Leon,Scholz,Irvine,CA,92618.0,United States,1989-09-14,150.9,70,21.6,3106,Evergreen Lane,1 323 635 9919,LeonScholz@fleckens.hu,leon scholz
72,Male,Leuco,Miranda,Hartford,CT,6103.0,United States,1976-02-02,184.8,72,25.1,90,Meadow View Drive,860-515-0122,LeucoMirandaNieto@teleworm.us,leuco miranda
287,Male,Lewis,Webb,,,,,1979-04-01,155.3,68,23.6,nan,,,,lewis webb
338,Male,León,Reynoso,Eagle,ID,83642.0,United States,1931-05-16,209.4,65,34.8,385,Walnut Avenue,208-830-2415,LeonReynosoRendon@einrot.com,león reynoso
46,Female,Liisa,Seppälä,Adamsville,TN,38310.0,United States,1930-02-15,157.7,63,27.9,1012,Lords Way,1 731 632 2908,LiisaSeppala@einrot.com,liisa seppälä
300,Female,Linda,Lundy,Bovill,ID,83823.0,United States,1969-01-29,192.5,69,28.4,3964,Walnut Avenue,208-826-1678,LindaJLundy@gustr.com,linda lundy
336,Female,Lixue,Hsueh,Crawfordsville,IN,47933.0,United States,1925-03-29,102.7,59,20.7,1540,Overlook Drive,765-359-0147,LixueHsueh@dayrep.com,lixue hsueh
4,Male,Liêm,Phan,Woodbridge,NJ,7095.0,United States,1951-07-26,220.9,70,31.7,2335,Webster Street,+1 (732) 636-8246,PhanBaLiem@jourrapide.com,liêm phan
55,Female,Louise,Johnson,Burlington,MA,1803.0,United States,1931-03-01,141.0,62,25.8,4984,Hampton Meadows,978-407-1874,LouiseJohnson@rhyta.com,louise johnson
24,Male,Lovre,Galić,Winter Haven,FL,33830.0,United States,1960-05-26,222.9,66,36.0,4941,Marion Drive,1 813 355 9476,LovreGalic@gustr.com,lovre galić
363,Male,Luboš,Pecha,Norfolk,VA,23510.0,United States,1936-01-24,132.2,69,19.5,1510,Allison Avenue,757-624-1525,LubosPecha@rhyta.com,luboš pecha
442,Male,Luis,Silva,San Joaquin,CA,93660.0,United States,1946-11-02,239.1,71,33.3,959,Heritage Road,559-693-6779,LuisRibeiroSilva@jourrapide.com,luis silva
448,Male,Luiz,Gomes,Chicago,IL,60631.0,United States,1978-04-23,160.4,70,23.0,1812,Poplar Street,708-691-2195,LuizCavalcantiGomes@rhyta.com,luiz gomes
339,Female,Lóa,Hrafnsdóttir,Metairie,LA,70001.0,United States,1925-04-30,114.1,67,17.9,3417,Bassel Street,+1 (985) 335-8662,LoaHrafnsdottir@jourrapide.com,lóa hrafnsdóttir
274,Female,Mackenzie,McKay,State Line,MS,39362.0,United States,1971-03-18,214.9,66,34.7,4890,Devils Hill Road,601-848-3093,MackenzieMcKay@superrito.com,mackenzie mckay
127,Male,Mads,Nielsen,Boston,MA,2210.0,United States,1942-05-19,137.1,68,20.8,1493,Randolph Street,508-739-5632,MadsANielsen@jourrapide.com,mads nielsen
88,Male,Magomed,Kadyrov,Ogilvie,MN,56358.0,United States,1980-11-15,176.9,67,27.7,2063,Newton Street,320-272-4299,MagomedKadyrov@jourrapide.com,magomed kadyrov
419,Male,Mahmud,Kadyrov,Stanton,ND,58571.0,United States,1980-06-18,215.2,79,24.2,3390,Hidden Meadow Drive,1 701 745 2700,MahmudKadyrov@gustr.com,mahmud kadyrov
177,Female,Makda,Abraham,Lowell,MA,1852.0,United States,1979-06-24,145.2,65,24.2,4093,Smith Street,1 508 857 0477,MakdaAbraham@einrot.com,makda abraham
476,Male,Malik,Vaneker,Mountain View,CA,94041.0,United States,1953-09-25,214.4,67,33.6,1270,Haul Road,650-962-7179,MalikVaneker@superrito.com,malik vaneker
223,Female,Malina,Balagić,Louisville,KY,40244.0,United States,1962-02-14,224.8,68,34.2,4019,Cerullo Road,502-367-6167,MalinaBalagic@einrot.com,malina balagić
23,Male,Manchu,Su,Pleasantville,NY,10570.0,United States,1936-01-19,130.7,65,21.7,1092,Deans Lane,914-745-6108,ManchuSu@einrot.com,manchu su
403,Female,Manouck,Wubbels,Utica,MS,39175.0,United States,1964-11-03,201.5,65,33.5,4789,Devils Hill Road,601-885-6550,ManouckWubbels@armyspy.com,manouck wubbels
432,Female,Manuela,Cindrić,Dublin,CA,94568.0,United States,1942-12-01,219.9,64,37.7,4120,Thompson Drive,510-376-3772,ManuelaCindric@gustr.com,manuela cindrić
406,Male,Marcel,Peters,Albany,OR,97321.0,United States,1926-02-10,183.5,69,27.1,4476,Center Street,541-967-9779,MarcelPeters@rhyta.com,marcel peters
353,Male,Marek,﻿Dvořák,Savannah,GA,31401.0,United States,1966-12-19,227.7,67,35.7,633,Better Street,912-988-6655,MarekDvorak@gustr.com,marek ﻿dvořák
420,Female,Maret,Sultygov,Indianapolis,IN,46268.0,United States,1969-10-20,126.1,63,22.3,2127,Elk City Road,317-956-6166,MaretSultygov@teleworm.us,maret sultygov
35,Female,Mariana,Souza,Orrington,ME,4474.0,United States,1948-03-06,152.9,63,27.1,577,Chipmunk Lane,207-825-8634,MarianaGomesSouza@superrito.com,mariana souza
174,Female,Marija,Grubišić,Auburn Hills,MI,48057.0,United States,1985-12-28,155.1,69,22.9,954,Summit Park Avenue,248-944-0932,MarijaGrubisic@cuvox.de,marija grubišić
109,Female,Marina,Glockner,Bushton,KS,67427.0,United States,1934-06-18,191.4,63,33.9,475,Preston Street,1 620 940 1131,MarinaGlockner@dayrep.com,marina glockner
89,Male,Marius,Hansen,Augusta,GA,30902.0,United States,1948-06-27,227.7,76,27.7,3251,Radio Park Drive,706-755-5723,MariusHansen@teleworm.us,marius hansen
429,Male,Marko,Kos,Pittsburgh,PA,15212.0,United States,1982-10-21,227.7,69,33.6,1128,Jacobs Street,412-319-0903,MarkoKos@einrot.com,marko kos
170,Male,Markus,Solberg,Bensalem,DE,19020.0,United States,1953-11-21,140.6,70,20.2,4148,Callison Lane,302-474-8075,MarkusSolberg@fleckens.hu,markus solberg
241,Female,Marphisa,Compagnon,Huntsville,AL,35806.0,United States,1967-03-09,198.0,63,35.1,3391,Marcus Street,+1 (256) 615-5522,MarphisaCompagnon@cuvox.de,marphisa compagnon
212,Female,Martha,Afanasyeva,Saint Paul,MN,55114.0,United States,1997-10-03,151.2,73,19.9,3613,Lodgeville Road,1 612 228 4170,MarthaAfanasyeva@dayrep.com,martha afanasyeva
235,Female,Martina,Tománková,,,,,1936-04-07,199.5,65,33.2,nan,,,,martina tománková
7,Female,Mary,Adams,Burbank,NV,84728.0,United States,1969-11-19,146.3,65,24.3,3145,Sheila Lane,775-533-5933,MaryBAdams@einrot.com,mary adams
77,Female,Maryam,Dratchev,Minneapolis,MN,55410.0,United States,1983-01-15,190.1,63,33.7,3314,Rocket Drive,612-925-3123,MaryamDratchev@superrito.com,maryam dratchev
498,Male,Masataka,Murakami,Tulsa,OK,74116.0,United States,1937-08-19,155.1,72,21.0,1179,Patton Lane,+1 (918) 984-9171,MasatakaMurakami@einrot.com,masataka murakami
308,Female,Mathea,Lillebø,Gulfport,MS,39501.0,United States,1928-11-30,112.4,65,18.7,4168,Coventry Court,228-237-2271,MatheaLilleb@fleckens.hu,mathea lillebø
343,Female,Mathilde,Nørgaard,Hartford,CT,6182.0,United States,1985-01-21,127.2,61,24.0,846,Copperhead Road,1 860 618 4560,MathildeDNrgaard@superrito.com,mathilde nørgaard
446,Male,Maximus,Henzen,San Jose,CA,95113.0,United States,1924-11-14,180.8,72,24.5,4334,Black Oak Hollow Road,408-792-9489,MaximusHenzen@einrot.com,maximus henzen
155,Female,Maya,Isaksson,Madison,WI,53711.0,United States,1959-07-14,137.7,67,21.6,1333,Comfort Court,1 608 277 0146,MayaIsaksson@jourrapide.com,maya isaksson
465,Female,Meaza,Brhane,Springville,AL,35146.0,United States,1991-06-22,161.3,69,23.8,142,Broad Street,205-467-9279,MeazaBrhane@superrito.com,meaza brhane
251,Female,Mee,Chung,Dundalk,MD,21222.0,United States,1932-10-27,206.1,64,35.4,3084,Blue Spruce Lane,410-284-8935,MeeChung@teleworm.us,mee chung
168,Female,Melisa,Mata,Bedford,MA,1730.0,United States,1941-12-15,209.7,65,34.9,2775,Single Street,781-604-1901,MelisaMataSantacruz@rhyta.com,melisa mata
360,Female,Merci,Leroux,Copperas Cove,TX,76552.0,United States,1955-06-08,132.2,65,22.0,4519,Sussex Court,254-518-6365,MerciLeroux@jourrapide.com,merci leroux
256,Female,Mette,Sandgreen,Elk Lake,WI,54739.0,United States,1938-05-13,187.1,60,36.5,2324,Benson Street,715-231-3508,MetteSandgreen@gustr.com,mette sandgreen
458,Female,Mevla,Grabljevec,Fort Worth,TX,76102.0,United States,1984-12-02,215.8,66,34.8,2645,Moore Avenue,817-777-5289,MevlaGrabljevec@teleworm.us,mevla grabljevec
247,Female,Meya,Sjöberg,Santa Ana,CA,92704.0,United States,1968-05-15,232.1,66,37.5,1233,Liberty Avenue,714-431-2746,MeyaSjoberg@cuvox.de,meya sjöberg
314,Female,Mgbankwo,Afamefuna,Atmore,AL,36502.0,United States,1984-07-18,188.5,67,29.5,1774,George Avenue,251-359-2088,MgbankwoAfamefuna@einrot.com,mgbankwo afamefuna
416,Female,Mgbeke,Ekwueme,Diamond Bar,CA,91765.0,United States,1954-03-14,206.8,65,34.4,1589,Roosevelt Wilson Lane,909-861-4356,MgbekeEkwueme@cuvox.de,mgbeke ekwueme
482,Male,Michael,Kristensen,Tulsa,OK,74116.0,United States,1930-08-10,154.7,65,25.7,1614,Heather Sees Way,1 918 706 2776,MichaelKristensen@gustr.com,michael kristensen
93,Male,Michael,Smith,Mount Holly,NJ,8060.0,United States,1977-09-17,160.6,67,25.2,666,Whiteman Street,609-914-8473,MichaelSmith@armyspy.com,michael smith
175,Female,Michelle,Tansey,Spokane,WA,99218.0,United States,1978-02-15,147.8,61,27.9,284,Mudlick Road,509-466-2907,MichelleDTansey@dayrep.com,michelle tansey
221,Male,Mijael,Guerra,Oakland,CA,94612.0,United States,1944-01-25,183.5,65,30.5,1271,Pretty View Lane,+1 (707) 896-9250,MijaelGuerraMoreno@teleworm.us,mijael guerra
307,Male,Mijndert,Ouwendijk,Palmyra,NE,68418.0,United States,1992-07-05,124.1,67,19.4,4839,North Avenue,402-780-5724,MijndertOuwendijk@jourrapide.com,mijndert ouwendijk
489,Male,Mika,Martinsson,Ocala,FL,34471.0,United States,1970-01-27,165.0,67,25.8,962,George Street,352-453-4601,MikaMartinsson@armyspy.com,mika martinsson
145,Male,Mile,Stanić,Fort Wayne,IN,46804.0,United States,1961-10-31,244.9,71,34.2,4640,Windy Ridge Road,260-591-5755,MileStanic@dayrep.com,mile stanić
341,Female,Minea,Lindgren,Palmdale,CA,93550.0,United States,1940-01-10,176.9,64,30.4,2272,Williams Avenue,661-265-8708,MineaLindgren@jourrapide.com,minea lindgren
125,Male,Ming,Hsu,Quincy,MA,2169.0,United States,1960-11-04,215.6,69,31.8,2945,Ferguson Street,+1 (508) 526-3432,MingHsu@armyspy.com,ming hsu
111,Male,Miroslav,Štěpánek,Dallas,TX,75247.0,United States,1935-09-23,146.1,68,22.2,2625,Romines Mill Road,+1 (214) 637-0855,MiroslavStepanek@teleworm.us,miroslav štěpánek
162,Male,Mitsunobu,Fujiwara,Chester,MT,59522.0,United States,1969-05-21,223.5,67,35.0,212,Tibbs Avenue,406-759-6160,MitsunobuFujiwara@armyspy.com,mitsunobu fujiwara
43,Female,Mizuki,Iwata,West Palm Beach,FL,33409.0,United States,1927-06-30,199.1,61,37.6,3434,Holt Street,561-357-0702,MizukiIwata@gustr.com,mizuki iwata
373,Male,Miłosław,Wiśniewski,Collinsville,IL,62234.0,United States,1979-11-13,149.2,68,22.7,796,Eagle Street,618-346-3914,MiloslawWisniewski@rhyta.com,miłosław wiśniewski
178,Female,Monika,Lončar,Los Angeles,CA,90014.0,United States,1927-07-19,203.7,63,36.1,377,Norman Street,323-327-4721,MonikaLoncar@rhyta.com,monika lončar
471,Male,Muhammad,Holden,Live Oak,FL,32064.0,United States,1969-09-08,159.5,66,25.7,3414,Franklin Avenue,386-234-5932,MuhammadHolden@fleckens.hu,muhammad holden
129,Male,Muhammad,Hughes,Indianapolis,IN,46214.0,United States,1938-09-21,202.2,72,27.4,1965,Crestview Manor,1 317 292 2394,MuhammadHughes@rhyta.com,muhammad hughes
244,Male,Mustafa,Adonay,Superior,WI,54880.0,United States,1922-01-05,211.9,67,33.2,1742,Tea Berry Lane,715-817-0134,MustafaAdonay@dayrep.com,mustafa adonay
499,Male,Mustafa,Lindström,Milton Mills,ME,3852.0,United States,1959-04-10,181.1,72,24.6,2530,Victoria Court,207-477-0579,MustafaLindstrom@jourrapide.com,mustafa lindström
204,Female,Mùi,Lương,Harvester,MO,63301.0,United States,1956-02-29,192.7,60,37.6,1778,Rodney Street,636-442-6946,LuongHongMui@einrot.com,mùi lương
323,Male,Mười,Liễu,Chilton,TX,76632.0,United States,1974-07-27,218.5,66,35.3,4346,Sussex Court,254-546-2728,LieuThanhMuoi@teleworm.us,mười liễu
33,Female,Một,Phạm,Long Beach,CA,90815.0,United States,1997-01-30,147.6,69,21.8,2690,Pin Oak Drive,562-985-4582,PhamThiBichMot@dayrep.com,một phạm
220,Male,Mỹ,Quynh,,,,,1978-04-09,237.8,69,35.1,nan,,,,mỹ quynh
472,Female,Nadwah,Naifeh,Portland,OR,97205.0,United States,1957-03-12,192.7,66,31.1,69,Mattson Street,503-417-1995,NadwahHawadahNaifeh@einrot.com,nadwah naifeh
37,Female,Naja,Enoksen,Eau Claire,WI,54701.0,United States,1931-11-26,156.4,66,25.2,2915,Lynn Avenue,715-562-7013,NajaEnoksen@fleckens.hu,naja enoksen
103,Female,Najla,Touma,Montgomery,AL,36104.0,United States,1948-08-20,165.0,61,31.2,2146,Willow Greene Drive,+1 (334) 261-1235,NajlaQismahTouma@cuvox.de,najla touma
324,Female,Nancsi,Polak,Cincinnati,OH,45236.0,United States,1978-12-28,143.9,61,27.2,2913,Rogers Street,1 513 478 6938,PolakNancsi@cuvox.de,nancsi polak
318,Female,Nancy,Parker,Las Vegas,NV,89110.0,United States,1945-03-21,106.0,63,18.8,4605,Hall Street,+1 (702) 438-5138,NancyJParker@gustr.com,nancy parker
97,Female,Nasim,Salib,Presque Isle,ME,4769.0,United States,1971-07-30,211.4,65,35.2,3161,Fantages Way,207-768-0477,NasimSumaiyaSalib@einrot.com,nasim salib
481,Male,Nasser,Mansour,San Antonio,TX,78212.0,United States,1938-03-25,183.5,66,29.6,547,Weekley Street,1 210 326 5509,NasserMazinMansour@fleckens.hu,nasser mansour
106,Male,Nate,Bowden,Clinton,NC,28328.0,United States,1954-03-26,222.0,71,31.0,4310,Johnson Street,919-915-8670,NateBowden@einrot.com,nate bowden
411,Male,Nathan,Cumpston,Wayne,OK,73095.0,United States,1965-10-06,178.0,67,27.9,1203,Benson Park Drive,1 405 449 7960,NathanCumpston@rhyta.com,nathan cumpston
68,Male,Nebechi,Ekechukwu,Marlboro,MA,1752.0,United States,1945-01-11,154.9,64,26.6,2418,Smith Street,508-804-4850,NebechiEkechukwu@teleworm.us,nebechi ekechukwu
66,Male,Nicolas,Ferreira,Rossville,IN,46065.0,United States,1976-10-27,211.9,69,31.3,2310,Overlook Drive,765-379-3885,NicolasSouzaFerreira@superrito.com,nicolas ferreira
112,Female,Nicole,Zimmerman,Newhall,CA,91321.0,United States,1984-01-14,225.9,74,29.0,909,Williams Avenue,661-291-1812,NicoleZimmerman@rhyta.com,nicole zimmerman
121,Female,Nicoline,Østergaard,San Francisco,CA,94108.0,United States,1926-12-14,124.5,63,22.1,2836,Boring Lane,415-676-8818,NicolinePstergaard@superrito.com,nicoline østergaard
303,Male,Niels,Lange,Hattiesburg,MS,39401.0,United States,1931-06-01,201.5,70,28.9,3683,Gorby Lane,601-296-7799,NielsLange@cuvox.de,niels lange
352,Female,Nile,Mehari,Chattanooga,TN,37403.0,United States,1956-02-27,197.6,65,32.9,2458,Broadway Avenue,423-799-1730,NileMehari@gustr.com,nile mehari
285,Male,Nilton,Quintanilla,Walpole,MA,2081.0,United States,1980-02-09,186.3,75,23.3,4038,Farland Street,774-219-3140,NiltonQuintanillaAlmonte@rhyta.com,nilton quintanilla
156,Female,Nina,Geisler,East Saint Louis,IL,62201.0,United States,1924-09-05,193.2,66,31.2,350,Ross Street,618-261-9896,NinaGeisler@einrot.com,nina geisler
52,Female,Noe,Aranda,Davenport,IL,52801.0,United States,1938-08-07,107.1,63,19.0,3977,Jail Drive,1 309 912 9553,NoeArandaGranado@dayrep.com,noe aranda
275,Female,Nora,Nyborg,Westerville,OH,43081.0,United States,1958-02-10,202.6,68,30.8,2852,Irving Road,740-552-2444,NoraNyborg@einrot.com,nora nyborg
321,Male,Noriyuki,Sakai,Milwaukee,WI,53202.0,United States,1934-04-29,150.3,70,21.6,353,Whaley Lane,262-565-9052,NoriyukiSakai@gustr.com,noriyuki sakai
140,Female,Novalie,Berg,Cincinnati,OH,45202.0,United States,1973-04-22,156.9,61,29.6,1275,Goldie Lane,+1 (513) 383-0516,NovalieBerg@gustr.com,novalie berg
284,Male,Nwachukwu,Nebeolisa,Chicago,IL,60605.0,United States,1986-03-10,245.5,68,37.3,2873,John Calvin Drive,+1 (708) 845-2053,NwachukwuNebeolisa@cuvox.de,nwachukwu nebeolisa
85,Female,Nương,Vũ,New York,NY,10001.0,United States,1981-02-01,138.2,63,24.5,465,Southern Street,516-720-5094,VuCamNuong@fleckens.hu,nương vũ
354,Male,Ole,Petersen,Dudley,GA,31022.0,United States,1931-07-14,136.8,69,20.2,3650,Graystone Lakes,478-676-7058,OlePetersen@armyspy.com,ole petersen
102,Male,Oles,Zhdanov,Fordland,MO,65652.0,United States,1945-10-25,226.2,72,30.7,1731,Chandler Drive,417-738-5084,OlesZhdanov@fleckens.hu,oles zhdanov
371,Male,Olof,Holm,Taunton,MA,2780.0,United States,1999-04-07,214.1,70,30.7,288,Smith Street,508-821-2421,OlofHolm@gustr.com,olof holm
13,Male,Omeokachie,Ibeamaka,Lynchburg,VA,24504.0,United States,1957-08-05,224.2,69,33.1,2544,Worley Avenue,434-509-2614,OmeokachieIbeamaka@einrot.com,omeokachie ibeamaka
302,Female,Onyekachukwu,Obinna,New York,NY,10004.0,United States,1997-01-24,154.7,65,25.7,2970,Forest Avenue,646-982-6609,OnyekachukwuObinna@teleworm.us,onyekachukwu obinna
214,Female,Onyemaechi,Onwughara,New York,NY,10013.0,United States,1989-03-08,131.1,69,19.4,685,Duncan Avenue,917-622-9142,OnyemaechiOnwughara@einrot.com,onyemaechi onwughara
2,Female,Pamela,Hill,Armstrong,IL,61812.0,United States,1967-04-03,118.8,66,19.2,2370,University Hill Road,+1 (217) 569-3204,PamelaSHill@cuvox.de,pamela hill
503,Male,Pat,Gersten,Burr,NE,68324.0,United States,1954-05-03,138.2,71,19.3,2778,North Avenue,402-848-4923,PatrickGersten@rhyta.com,pat gersten
98,Male,Patrick,Gersten,Burr,NE,68324.0,United States,1954-05-03,138.2,71,19.3,2778,North Avenue,402-848-4923,PatrickGersten@rhyta.com,patrick gersten
340,Male,Pavel,Filípek,Apple Valley,MN,55124.0,United States,1977-08-18,229.0,67,35.9,3094,Oral Lake Road,1 952 431 5166,PavelFilipek@rhyta.com,pavel filípek
167,Male,Peter,Pospíšil,Longview,TX,75601.0,United States,1989-01-01,225.3,70,32.3,200,Hall Place,903-749-8046,PeterPospisil@cuvox.de,peter pospíšil
87,Male,Philemon,Abdulov,Temple Hills,MD,20031.0,United States,1943-07-07,171.4,70,24.6,1341,Chatham Way,240-695-5212,PhilemonAbdulov@rhyta.com,philemon abdulov
117,Male,Philipp,Ziegler,Allen,KY,41601.0,United States,1941-03-03,143.7,69,21.2,3686,Meadowcrest Lane,606-417-4332,PhilippZiegler@superrito.com,philipp ziegler
398,Female,Pipaluk,Petrussen,Scottsville,NY,14546.0,United States,1976-10-26,123.4,69,18.2,3543,Cherry Ridge Drive,585-889-5156,PipalukPetrussen@rhyta.com,pipaluk petrussen
202,Male,Pirro,Galvez,Exeter,NH,3833.0,United States,1971-02-25,172.5,73,22.8,2831,Milford Street,1 603 773 2333,PirroGalvezPaz@armyspy.com,pirro galvez
485,Male,Placido,Udinesi,Greensboro,NC,28716.0,United States,1934-05-31,175.8,65,29.3,1094,Jones Avenue,336-697-2005,PlacidoUdinesi@dayrep.com,placido udinesi
493,Male,Poldi,Tar,Burbank,CA,91505.0,United States,1970-05-23,184.6,70,26.5,3958,Liberty Avenue,714-496-2264,TarPoldi@superrito.com,poldi tar
269,Female,Päivi,Mattila,San Carlos,CA,94070.0,United States,1933-05-28,132.0,59,26.7,4320,Rardin Drive,650-631-0002,PaiviMattila@rhyta.com,päivi mattila
226,Female,Rachel,Guzman,Washington,DC,20024.0,United States,1974-03-20,122.3,62,22.4,3210,Hickory Lane,202-485-6607,RachelSGuzman@cuvox.de,rachel guzman
6,Male,Rafael,Costa,Daytona Beach,FL,32114.0,United States,1931-08-31,183.9,70,26.4,1140,Willis Avenue,386-334-5237,RafaelCardosoCosta@gustr.com,rafael costa
130,Female,Rebecca,Jephcott,New York,NY,10004.0,United States,1966-08-01,203.3,65,33.8,989,Wayback Lane,631-370-7406,RebeccaJephcott@armyspy.com,rebecca jephcott
263,Female,Rebecca,Priest,Houston,TX,77092.0,United States,1988-03-26,194.0,68,29.5,2020,Gore Street,713-556-4328,RebeccaRPriest@dayrep.com,rebecca priest
191,Male,Regolo,Nucci,Gibsonia,PA,15044.0,United States,1935-09-15,213.0,67,33.4,3595,Stuart Street,+1 (724) 449-6928,RegoloNucci@einrot.com,regolo nucci
315,Male,Renzo,Lucchese,Branchburg,NJ,8876.0,United States,1970-02-05,212.1,69,31.3,4145,Fairfax Drive,908-884-4247,RenzoLucchese@dayrep.com,renzo lucchese
386,Female,Rice,Yudina,Nellysford,VA,22958.0,United States,1986-02-14,221.8,68,33.7,4649,Worley Avenue,434-361-8479,RiceYudina@dayrep.com,rice yudina
149,Female,Riëtte,Scheltens,Brooklyn,NY,11227.0,United States,1940-09-30,198.4,67,31.1,4473,Church Street,718-418-0766,RietteScheltens@dayrep.com,riëtte scheltens
404,Male,Robert,Maslov,Providence,RI,2908.0,United States,1932-07-02,219.1,65,36.5,2356,Myra Street,401-535-2675,RobertMaslov@fleckens.hu,robert maslov
366,Male,Robert,Wagner,Salem,VA,24153.0,United States,1925-06-20,200.0,67,31.3,162,Brooklyn Street,540-986-1369,RobertWagner@jourrapide.com,robert wagner
29,Male,Robert,Wolf,Fort Washington,PA,19034.0,United States,1937-06-26,206.6,70,29.6,2386,Linda Street,1 267 895 7462,RobertWolf@fleckens.hu,robert wolf
108,Male,Rocco,Christie,Mount Airy,MD,21771.0,United States,1987-01-16,167.0,70,24.0,1373,Wilmar Farm Road,240-322-1398,RoccoChristie@rhyta.com,rocco christie
427,Male,Rogelio,Taylor,Miami,FL,33179.0,United States,1992-09-02,186.6,69,27.6,4064,Marigold Lane,305-434-6299,RogelioJTaylor@teleworm.us,rogelio taylor
382,Male,Ronnie,Clapp,Wheatley,AR,72392.0,United States,1924-09-24,138.4,67,21.7,1624,Rosebud Avenue,+1 (870) 457-5086,RonnieKClapp@gustr.com,ronnie clapp
380,Female,Rovzan,Kishiev,Sulphur,OK,73086.0,United States,1982-07-13,136.0,63,24.1,4220,Simpson Square,580-622-5674,RovzanKishiev@armyspy.com,rovzan kishiev
18,Female,Roxanne,Andreyeva,Smyrna,GA,30082.0,United States,1922-07-24,129.1,60,25.2,2103,Edington Drive,678-829-8578,RoxanneAndreyeva@armyspy.com,roxanne andreyeva
500,Male,Ruman,Bisliev,Sedona,AZ,86341.0,United States,1948-03-26,239.6,70,34.4,494,Clarksburg Park Road,928-284-4492,RumanBisliev@gustr.com,ruman bisliev
272,Male,Russom,Amanuel,Edinburg,TX,78539.0,United States,1996-02-15,142.3,70,20.4,3942,Jerome Avenue,956-380-7249,RussomAmanuel@armyspy.com,russom amanuel
78,Female,Rut,Halldórsdóttir,Lexington,KY,40507.0,United States,1959-05-09,162.6,66,26.2,1054,Zappia Drive,859-297-3368,RutHalldorsdottir@einrot.com,rut halldórsdóttir
349,Male,Saber,Ménard,New Glarus,WI,53574.0,United States,1935-10-02,197.1,69,29.1,1424,Primrose Lane,+1 (608) 527-1021,SaberMenard@rhyta.com,saber ménard
219,Female,Sabr,Amari,La Follette,TN,37766.0,United States,1936-11-19,122.2,64,21.0,4929,Raver Croft Drive,423-563-2014,SabrRumaithahAmari@fleckens.hu,sabr amari
218,Male,Saidmohmad,Rushisvili,Athens,GA,30601.0,United States,1959-06-11,216.5,67,33.9,4192,Holly Street,706-266-4583,SaidmohmadRushisvili@teleworm.us,saidmohmad rushisvili
487,Male,Samuel,Blix,Waco,TX,76706.0,United States,1983-07-06,211.4,74,27.1,3488,Clair Street,254-681-4504,SamuelBlix@dayrep.com,samuel blix
22,Male,Samúel,Guðbrandsson,Elmsford,NJ,10523.0,United States,1983-04-12,223.7,69,33.0,1904,Granville Lane,973-445-5341,SamuelGubrandsson@teleworm.us,samúel guðbrandsson
132,Female,Sandra,Taylor,Rainelle,WV,25962.0,United States,1960-10-23,206.1,64,35.4,2476,Fulton Street,304-438-2648,SandraCTaylor@dayrep.com,sandra taylor
11,Female,Sandy,Gunnarsson,Rudyard,MI,49780.0,United States,1974-07-16,199.3,62,36.4,87,Wood Duck Drive,906-478-8949,SandyGunnarsson@dayrep.com,sandy gunnarsson
283,Female,Sandy,Taylor,Rainelle,WV,25962.0,United States,1960-10-23,206.1,64,35.4,2476,Fulton Street,304-438-2648,SandraCTaylor@dayrep.com,sandy taylor
326,Female,Sara,Karjalainen,Chicago,IL,60601.0,United States,1946-08-20,172.5,63,30.6,720,Tator Patch Road,1 312 856 6826,SaraKarjalainen@armyspy.com,sara karjalainen
260,Female,Sara,Miles,Tampa,FL,33610.0,United States,1982-03-27,166.5,61,31.5,4223,Chestnut Street,727-439-7150,SaraDMiles@gustr.com,sara miles
387,Male,Sargent,Flamand,San Jose,CA,95134.0,United States,1965-05-10,207.7,65,34.6,163,Hide A Way Road,408-215-6012,SargentFlamand@dayrep.com,sargent flamand
96,Male,Sargent,Ruais,Blackwell,TX,79506.0,United States,1942-01-01,205.3,72,27.8,1009,Felosa Drive,325-282-4087,SargentRuais@jourrapide.com,sargent ruais
163,Female,Sarina,Tabata,Sacramento,CA,95814.0,United States,1967-04-21,201.7,63,35.7,4646,Highland View Drive,916-555-7247,SarinaTabata@teleworm.us,sarina tabata
152,Female,Satsita,Batukayev,Citrus Heights,CA,95610.0,United States,1953-02-17,219.6,66,35.4,2813,Frederick Street,916-224-7868,SatsitaBatukayev@teleworm.us,satsita batukayev
146,Male,Sauli,Koivuniemi,Eagleville,PA,19403.0,United States,1974-07-24,170.9,66,27.6,1990,Spring Avenue,+1 (267) 679-4137,SauliKoivuniemi@einrot.com,sauli koivuniemi
126,Female,Seweryna,Czerwinska,Tulsa,OK,74119.0,United States,1982-06-30,203.5,63,36.0,36,Heather Sees Way,918-714-7543,SewerynaCzerwinska@jourrapide.com,seweryna czerwinska
337,Female,Sharon,Collins,Pontiac,MI,48342.0,United States,1932-09-03,164.8,67,25.8,1240,Summit Park Avenue,248-978-1574,SharonLCollins@jourrapide.com,sharon collins
58,Female,Siebrigje,Koldenhof,La Mesa,CA,91941.0,United States,1935-05-24,134.0,60,26.2,34,Hamill Avenue,858-413-3163,SiebrigjeKoldenhof@rhyta.com,siebrigje koldenhof
305,Female,Signý,Grímsdóttir,Louisville,KY,40202.0,United States,1979-01-26,141.5,67,22.2,3268,Karen Lane,502-902-6188,SignyGrimsdottir@rhyta.com,signý grímsdóttir
381,Female,Silje,Kristiansen,Pleasantville,NJ,8232.0,United States,1996-02-07,162.4,64,27.9,4992,Moonlight Drive,609-641-2070,SiljeAKristiansen@dayrep.com,silje kristiansen
424,Female,Simone,Baumgaertner,Colorado Springs,CO,80904.0,United States,1931-05-14,125.2,59,25.3,510,Berry Street,719-661-6624,SimoneBaumgaertner@teleworm.us,simone baumgaertner
357,Female,Sinead,Reilly,Maurepas,LA,70449.0,United States,1923-04-05,148.3,64,25.5,3893,Eva Pearl Street,+1 (225) 695-5230,SineadReilly@cuvox.de,sinead reilly
495,Female,Sirkka,Piirainen,Roseville,MI,48066.0,United States,1942-01-16,126.3,67,19.8,4102,Ritter Avenue,+1 (586) 790-0975,SirkkaPiirainen@teleworm.us,sirkka piirainen
242,Female,Skye,Gormanston,Arlington,TN,38002.0,United States,1934-01-20,139.7,60,27.3,936,Lightning Point Drive,901-484-5225,SkyeGormanston@dayrep.com,skye gormanston
376,Female,Sofia,Hermansen,Houma,LA,70360.0,United States,1957-02-27,186.8,65,31.1,2272,Woodland Avenue,985-580-4827,SofiaBHermansen@rhyta.com,sofia hermansen
21,Female,Sofia,Karlsen,Whitman,MA,2382.0,United States,1934-09-24,153.1,66,24.7,2931,Romano Street,1 781 447 1763,SofiaTKarlsen@teleworm.us,sofia karlsen
401,Female,Sonya,Woldendorp,Plymouth,WI,53073.0,United States,1926-06-25,158.2,59,31.9,4438,Reeves Street,920-892-2965,SonyaWoldendorp@cuvox.de,sonya woldendorp
345,Female,Sophia,Haugen,Atlanta,GA,30303.0,United States,1939-06-04,181.1,63,32.1,4178,Despard Street,404-713-3641,SophiaHaugen@dayrep.com,sophia haugen
10,Female,Sophie,Cabrera,New York,NY,10011.0,United States,1930-12-03,194.7,64,33.4,3303,Anmoore Road,1 718 795 9124,SophieCabreraIbarra@teleworm.us,sophie cabrera
459,Male,Sousuke,Nakahara,Reno,NV,89501.0,United States,1929-04-25,134.2,70,19.3,3743,Wescam Court,775-848-6970,SousukeNakahara@jourrapide.com,sousuke nakahara
232,Female,Stefanie,Herman,Halifax,NC,27839.0,United States,1978-09-03,217.8,67,34.1,204,Rockwell Lane,1 252 583 5410,StefanieHerman@fleckens.hu,stefanie herman
51,Male,Stephen,Gibson,Wilkes Barre,PA,18701.0,United States,1991-04-25,238.9,70,34.3,283,Simons Hollow Road,570-819-1140,StephenGibson@cuvox.de,stephen gibson
110,Male,Stephen,Mayberry,Hattiesburg,MS,39402.0,United States,1934-09-01,166.1,72,22.5,3063,School House Road,601-699-4153,StephenFMayberry@jourrapide.com,stephen mayberry
394,Male,Steven,Roy,Reston,VA,22070.0,United States,1975-09-19,162.4,72,22.0,2816,Ashford Drive,1 703 716 8652,StevenBRoy@rhyta.com,steven roy
184,Male,Suhaim,Rahal,Fontana,CA,92335.0,United States,1944-02-08,207.7,71,29.0,2270,Bel Meadow Drive,909-355-9418,SuhaimAbdelRahal@fleckens.hu,suhaim rahal
437,Male,Sun,Ko,Washington,VA,20008.0,United States,1969-07-08,154.4,72,20.9,1962,Cabell Avenue,703-547-0551,SunKo@einrot.com,sun ko
327,Female,Suoma,Koivunen,Schenectady,NY,12303.0,United States,1927-12-27,114.0,62,20.8,2917,Golden Ridge Road,518-379-0603,SuomaKoivunen@gustr.com,suoma koivunen
114,Female,Svanhvít,Guðjónsdóttir,Houston,TX,77074.0,United States,1931-07-23,204.2,63,36.2,2641,Michael Street,1 713 779 6516,SvanhvitGujonsdottir@cuvox.de,svanhvít guðjónsdóttir
389,Male,Szilveszter,Totth,Shreveport,LA,71109.0,United States,1990-08-14,145.2,71,20.2,2785,Norma Lane,318-621-7385,TotthSzilveszter@jourrapide.com,szilveszter totth
73,Male,Søren,Frederiksen,Metairie,LA,70001.0,United States,1931-02-12,214.5,65,35.7,4852,Rose Avenue,504-289-1386,SrenFrederiksen@armyspy.com,søren frederiksen
16,Male,Søren,Lund,Kingsport,VA,37660.0,United States,1922-08-23,201.5,64,34.6,2438,Shady Pines Drive,276-225-1955,SrenFLund@gustr.com,søren lund
189,Male,Søren,Sørensen,New York,NY,10011.0,United States,1942-12-31,157.1,67,24.6,2397,Bell Street,1 212 201 3108,SrenSrensen@superrito.com,søren sørensen
118,Male,Sửu,Tạ,New Orleans,LA,70112.0,United States,1928-05-24,182.2,67,28.5,3464,Big Indian,+1 (504) 528-8317,TaQuiSuu@teleworm.us,sửu tạ
480,Male,Tapa,Arsanukayev,Ontario,CA,91762.0,United States,1955-09-15,220.0,65,36.6,4720,Gordon Street,1 909 458 2515,TapaArsanukayev@dayrep.com,tapa arsanukayev
124,Male,Tas,Fejes,Tampa,FL,33634.0,United States,1982-12-02,193.2,66,31.2,4386,Badger Pond Lane,727-331-8429,FejesTas@jourrapide.com,tas fejes
426,Female,Taylah,Mobourne,Weehawken,NJ,7087.0,United States,1961-07-04,188.5,67,29.5,995,Beechwood Avenue,908-751-4255,TaylahMobourne@rhyta.com,taylah mobourne
428,Female,Tecla,Onio,Abilene,TX,79601.0,United States,1990-12-16,174.7,61,33.0,3730,Seth Street,325-513-8964,TeclaOnio@jourrapide.com,tecla onio
408,Female,Tegan,Johnson,Oklahoma City,OK,73107.0,United States,1928-01-19,156.6,65,26.1,2636,Benson Park Drive,405-470-5088,TeganJohnson@gustr.com,tegan johnson
133,Female,Tekla,Walczak,Lake Ariel,PA,18436.0,United States,1936-07-22,159.9,59,32.3,2421,Coal Road,570-698-4203,TeklaWalczak@einrot.com,tekla walczak
198,Male,Thể,Lương,Gaylord,MI,49735.0,United States,1967-11-15,223.1,70,32.0,2403,Ripple Street,1 989 705 7690,LuongKhacThe@dayrep.com,thể lương
157,Male,Thống,Lê,Roseville,MN,55113.0,United States,1929-02-09,172.9,68,26.3,174,Lost Creek Road,+1 (612) 208-2965,LeVietThong@gustr.com,thống lê
397,Male,Tibor,Gyenes,Sebring,FL,33870.0,United States,1932-07-22,186.6,68,28.4,3800,Tetrick Road,863-386-3795,GyenesTibor@jourrapide.com,tibor gyenes
104,Male,Tico,Koffeman,Maitland,FL,32751.0,United States,1926-04-20,167.6,69,24.7,1030,McDonald Avenue,+1 (407) 838-0201,TicoKoffeman@armyspy.com,tico koffeman
5,Male,Tim,Neudorf,Dothan,AL,36303.0,United States,1928-02-18,192.3,72,26.1,1428,Turkey Pen Lane,334-515-7487,TimNeudorf@cuvox.de,tim neudorf
431,Male,Timothy,Cotton,Devils Lake,ND,58301.0,United States,1995-12-12,135.7,68,20.6,4243,Hidden Meadow Drive,701-662-1983,TimothyJCotton@dayrep.com,timothy cotton
41,Male,Tješimir,Lukić,Atlanta,GA,30303.0,United States,1941-10-24,147.8,70,21.2,3636,Junior Avenue,1 404 547 4508,TjesimirLukic@jourrapide.com,tješimir lukić
32,Male,Tomáš,Navrátil,Bluff City,TN,37618.0,United States,1935-04-08,133.3,70,19.1,4870,Corbin Branch Road,423-538-4887,TomasNavratil@dayrep.com,tomáš navrátil
384,Male,Torben,Mortensen,Monteview,ID,83435.0,United States,1943-07-24,168.7,69,24.9,4682,Science Center Drive,1 208 657 2473,TorbenMMortensen@einrot.com,torben mortensen
328,Male,Torfi,Írisarson,Belleville,NJ,7109.0,United States,1977-10-03,214.7,68,32.6,1463,Beechwood Avenue,908-871-7009,TorfiIrisarson@jourrapide.com,torfi írisarson
469,Male,Tosh,Jensen,Argyle,MO,65001.0,United States,1969-12-19,194.7,68,29.6,1536,John Daniel Drive,573-728-3861,ToshCJensen@superrito.com,tosh jensen
181,Female,Triana.,Terrazas,Monroe,LA,71201.0,United States,1968-03-04,176.2,66,28.4,1934,August Lane,318-417-5739,TrianaTerrazasMoreno@superrito.com,triana. terrazas
486,Male,Trifon,Izmailov,Fort Walton Beach,FL,32548.0,United States,1973-02-15,255.9,74,32.9,3697,Drainer Avenue,1 850 659 0417,TrifonIzmailov@fleckens.hu,trifon izmailov
248,Male,Tuukka,Leppäluoto,New York,NY,10011.0,United States,1978-03-07,211.0,73,27.8,1886,Bicetown Road,917-408-8855,TuukkaLeppaluoto@teleworm.us,tuukka leppäluoto
17,Female,Tám,Liễu,Fresno,CA,93706.0,United States,1952-11-14,183.9,61,34.7,2152,Heritage Road,1 559 765 7836,LieuThiThuTam@dayrep.com,tám liễu
291,Female,Una,Traustadóttir,Bedford,MA,1730.0,United States,1930-02-01,152.3,59,30.8,1027,Tenmile Road,781-739-0244,UnaTraustadottir@armyspy.com,una traustadóttir
195,Male,Urso,Aranda,Hopewell  Mercer,NJ,8525.0,United States,1999-07-03,163.7,70,23.5,1330,Lincoln Street,609-466-3275,UrsoArandaSanchez@rhyta.com,urso aranda
290,Female,Ursula,Freud,Kenner,LA,70065.0,United States,1943-08-04,170.1,64,29.2,3538,Paul Wayne Haggerty Road,504-441-7744,UrsulaFreud@cuvox.de,ursula freud
348,Female,Urška,Aličajić,San Diego,CA,92109.0,United States,1952-06-27,183.3,63,32.5,3781,Hamill Avenue,858-273-2043,UrskaAlicajic@rhyta.com,urška aličajić
388,Female,Vallie,Prince,Fort Lauderdale,FL,33301.0,United States,1998-01-16,152.7,67,23.9,550,Mulberry Lane,561-826-5683,VallieSPrince@cuvox.de,vallie prince
310,Male,Valur,Bjarkason,Birmingham,AL,35203.0,United States,1933-12-18,130.7,68,19.9,1782,New Creek Road,256-872-9211,ValurBjarkason@cuvox.de,valur bjarkason
492,Female,Vanessa,Ferguson,San Antonio,TX,78205.0,United States,1950-09-21,149.8,67,23.5,241,Freshour Circle,210-222-8684,VanessaFerguson@jourrapide.com,vanessa ferguson
331,Male,Vasco,van de Wiel,Pritchardville,SC,29902.0,United States,1981-01-03,153.8,72,20.9,2691,Kessla Way,+1 (843) 368-5129,VascovandeWiel@rhyta.com,vasco van de wiel
257,Female,Veronica,Bogolyubova,Trevorton,PA,17881.0,United States,1981-06-16,128.9,67,20.2,3945,Simons Hollow Road,570-797-6666,VeronicaBogolyubova@teleworm.us,veronica bogolyubova
225,Female,Veronika,Jindrová,Brattleboro,VT,5301.0,United States,1981-01-15,171.4,62,31.3,3641,Selah Way,802-614-0812,VeronikaJindrova@jourrapide.com,veronika jindrová
137,Female,Victoria,Mikkelsen,Los Angeles,CA,90017.0,United States,1925-05-07,179.3,63,31.8,2121,Liberty Avenue,714-507-4204,VictoriaTMikkelsen@armyspy.com,victoria mikkelsen
224,Female,Virginia,Boyles,Downey,ID,83234.0,United States,1939-09-22,202.4,63,35.8,945,Maple Avenue,1 208 897 3897,VirginiaABoyles@gustr.com,virginia boyles
355,Female,Vivian,House,Newark,NJ,7102.0,United States,1936-08-13,130.2,62,23.8,4932,Goldleaf Lane,201-586-2848,VivianRHouse@dayrep.com,vivian house
50,Female,Vivien,Zsinkó,Maumee,OH,43537.0,United States,1974-03-06,113.3,64,19.4,4141,Davis Place,419-262-6953,ZsinkoVivien@teleworm.us,vivien zsinkó
265,Female,Wafiyyah,Asfour,,,,,1989-11-03,158.6,63,28.1,nan,,,,wafiyyah asfour
150,Male,Wawrzyniec,Nowakowski,Mountain Home,TX,78058.0,United States,1937-09-18,170.5,71,23.8,1525,Crestview Terrace,830-640-5848,WawrzyniecNowakowski@teleworm.us,wawrzyniec nowakowski
136,Male,Willem-Jan,van der Lubbe,Cleveland,OH,44115.0,United States,1941-07-09,152.9,69,22.6,1717,Vineyard Drive,440-385-5011,Willem-JanvanderLubbe@gustr.com,willem-jan van der lubbe
19,Male,William,Oates,Ekalaka,MT,59324.0,United States,1949-09-04,202.2,64,34.7,441,Tibbs Avenue,406-775-2696,WilliamVOates@armyspy.com,william oates
320,Female,Wilma,Olofsson,Fargo,ND,58102.0,United States,1985-11-17,154.9,69,22.9,2235,Catherine Drive,701-235-3404,WilmaOlofsson@teleworm.us,wilma olofsson
454,Male,Wu,Sung,Houston,TX,77077.0,United States,1993-10-31,181.3,74,23.3,1072,Bird Spring Lane,281-556-4376,WuSung@gustr.com,wu sung
188,Male,Władysław,Wieczorek,Chicago,IL,60605.0,United States,1994-01-15,133.1,67,20.8,2338,Virginia Street,773-607-2647,WladyslawWieczorek@teleworm.us,władysław wieczorek
8,Female,Xiuxiu,Chang,Morgan Hill,CA,95037.0,United States,1958-08-13,158.0,60,30.9,2687,Black Oak Hollow Road,1 408 778 3236,XiuxiuChang@einrot.com,xiuxiu chang
418,Female,Xiuxiu,Yuan,Redmond,WA,98052.0,United States,1943-03-08,150.0,66,24.2,4277,Mutton Town Road,360-689-4989,XiuxiuYuan@superrito.com,xiuxiu yuan
59,Female,Yasmin,Araujo,Pittsburgh,PA,15205.0,United States,1981-03-21,196.0,67,30.7,3682,Stiles Street,412-640-7035,YasminCardosoAraujo@superrito.com,yasmin araujo
105,Female,Yasmin,Silva,Phoenix,AZ,85012.0,United States,1927-07-24,200.6,62,36.7,108,Griffin Street,1 602 265 7408,YasminAlmeidaSilva@einrot.com,yasmin silva
390,Male,Yegor,Uspensky,Tulsa,OK,74133.0,United States,1956-09-10,136.8,65,22.8,4900,Philli Lane,918-459-9811,YegorUspensky@fleckens.hu,yegor uspensky
64,Male,Yukitaka,Takenaka,San Diego,CA,92103.0,United States,1944-11-24,193.2,72,26.2,1975,Holden Street,619-299-1495,YukitakaTakenaka@einrot.com,yukitaka takenaka
182,Female,Yumena,Nakayama,Gypsum,CO,81637.0,United States,1929-03-24,130.2,59,26.3,4458,Stark Hollow Road,1 970 754 5843,YumenaNakayama@gustr.com,yumena nakayama
115,Male,Yunadi,Barsukov,Manhattan,NY,10016.0,United States,1993-05-28,176.2,68,26.8,2784,Turkey Pen Road,917-256-5329,YunadiBarsukov@teleworm.us,yunadi barsukov
20,Male,Zak,Kelly,Oroville,CA,95966.0,United States,1988-12-13,208.8,70,30.0,994,Hill Croft Farm Road,1 530 532 8397,ZakKelly@rhyta.com,zak kelly
200,Male,Zdeněk,Synek,Dora,AL,35062.0,United States,1950-09-27,168.3,70,24.1,3818,Strother Street,1 205 648 4197,ZdenekSynek@jourrapide.com,zdeněk synek
457,Male,Zikoranaudodimma,Chinedum,Newport News,VA,23602.0,United States,1935-12-25,150.5,67,23.6,3402,Kildeer Drive,1 757 269 6500,ZikoranaudodimmaChinedum@cuvox.de,zikoranaudodimma chinedum
44,Female,Zizi,Schmitt,Mountain View,WY,82939.0,United States,1968-02-09,198.9,67,31.1,669,Archwood Avenue,1 307 712 0508,SchmittZizi@fleckens.hu,zizi schmitt
166,Male,Zlatko,Rukavina,Yazoo City,MS,39194.0,United States,1976-12-12,198.7,70,28.5,592,Rafe Lane,+1 (662) 716-9586,ZlatkoRukavina@cuvox.de,zlatko rukavina
1,Female,Zoe,Wellish,Rancho California,CA,92390.0,United States,1976-07-10,121.7,66,19.6,576,Brown Bear Drive,951-719-9170,ZoeWellish@superrito.com,zoe wellish
185,Female,Ásta,Grímsdóttir,Ormond Beach,FL,32174.0,United States,1999-06-09,128.9,65,21.4,1619,Melm Street,+1 (386) 989-0019,AstaGrimsdottir@dayrep.com,ásta grímsdóttir
266,Female,Þórunn,Tryggvadóttir,Mio,MI,48647.0,United States,1978-06-09,120.0,69,17.7,77,Juniper Drive,+1 (989) 826-7884,orunnTryggvadottir@dayrep.com,þórunn tryggvadóttir
412,Female,Štefanija,Novosel,Albany,NY,12207.0,United States,1945-11-29,154.9,61,29.3,1810,Hardesty Street,1 518 487 4865,StefanijaNovosel@teleworm.us,štefanija novosel
74,Female,Žarka,Rap,Foxboro,MA,2035.0,United States,1995-12-28,139.3,68,21.2,2661,Russell Street,978-969-6753,ZarkaRap@superrito.com,žarka rap
